,Low,Open,Volume,High,Close,Adjusted Close,VAR,NVAR
A,269.7680887525798,275.2426624785257,501883957053.41394,276.53141234116384,275.1096826943117,276.28062846531583,27.336543751617537,9.93659819018168
AAL,5.471297708635314,5.640817653353518,623093922132216.8,5.6420285523447,5.534158118250761,5.534158118250761,3.8771843236824832,70.05915336781136
AAP,543.7655702957509,545.4696604830621,135822990435.87807,541.0384292580366,543.3125205807881,544.5956366148055,38.41629902179524,7.070755332626814
AAPL,207.86563730843173,209.2231716225871,849143772756512.1,216.86120155210594,214.0504910698844,216.86268654079169,24.112863113483566,11.265035176028194
ABBV,43.918131164777655,42.56483299617392,14417465396037.256,43.19369550614839,44.08036626448722,53.16360780426122,10.942417064222612,24.82378889178657
ABC,47.014711585599706,45.7799725577755,244400521838.46686,44.41662586803156,45.892785345274746,49.38847820822578,11.165106625426125,24.32867506608142
ABMD,531.5783317119476,540.1167520383964,14047976298.185942,549.4468996477526,543.3229041392372,543.3229041392372,38.41666611804767,7.070687766956839
ABT,47.56598207565647,48.22330404834402,5729474262328.515,47.82509138021002,47.879051285977575,50.584077238151565,11.404163487343189,23.81869143402001
ACN,1760.1328632787538,1787.2332867118434,586205156861.1426,1818.417805701023,1796.6038268032278,1817.246211657212,69.85810918797222,3.8883424462183
ADI,108.22970907562231,107.86882305280594,3882344765338.089,105.22154235335752,107.31331385985233,115.38583509947088,17.073299922412595,15.909768609615174
ADM,20.2005223289951,20.37975822163427,825206430673.9733,19.95605337848598,20.20906256909422,21.46531081895126,7.409070899674909,36.66212064188284
ADP,429.210857175954,430.5721379633145,648428269623.8032,427.6531876243931,432.29720199819906,449.3097794783961,34.26745717914609,7.9268283534457975
ADSK,394.40262666178546,386.7512236605362,750846734907.2499,371.79539998190893,388.39033697612507,388.39033697612507,32.480662179946286,8.362891423311316
AEE,24.179463375211707,23.645406307536405,302503565277.6203,22.80997482477777,23.69403985726172,26.360712390181835,8.022509199555806,33.85876468464316
AEP,11.82715290852412,11.233997113097852,1167398508021.3845,10.656650612325313,11.367099987050118,12.779152659803955,5.556681526537052,48.883897677221626
AIZ,141.99552416160873,139.1486487949216,38136217052.1542,135.75676196434426,138.1141472679174,142.35536701113523,19.36911374858259,14.02398967211511
AJG,242.82443777060953,249.5781333714446,263439814818.59406,250.25687940388585,247.7816926192959,255.01234080075602,25.94330336800476,10.470226066243457
AKAM,41.66364957912571,40.72664602010038,836505426020.4082,39.84365182318846,41.63134672643433,41.63134672643433,10.634103831758903,25.54350187525077
ALB,1590.4342607111644,1660.6569441155173,679552761596.5924,1702.893421347136,1650.2071120355633,1651.8975970358342,66.95143558848483,4.0571534991082965
ALGN,3364.29879602584,3337.0635061386206,80883888134.76317,3252.0281762970817,3340.0698500555177,3340.0698500555177,95.25075812976132,2.8517594662931405
ALK,42.6942228989398,44.7903840177909,442360616745.4018,45.08867871404481,44.0816329488086,44.0816329488086,10.9425742826141,24.823432233832087
ALLE,97.98467561949771,97.45665893845135,73092181189.84631,94.69761718526249,95.83171016473621,96.40175883647767,16.134120107815146,16.83588874713844
ALTR,35.62856334354693,35.334383843352306,27476374364.449482,33.083921337047805,34.509994093331194,34.509994093331194,9.681956095423558,28.05551362668742
AMAT,224.97926018631972,226.90319812830293,9617209360910.178,224.9182248895047,227.46162809137056,228.17061762159227,24.856772536439717,10.9278970457623
AMD,507.31131658320584,543.3682817247488,642675118351229.5,581.8812989466304,545.8863232807099,545.8863232807099,38.5071851574016,7.0540666646451475
AME,59.44891010267331,57.141085676581866,142658661233.30814,54.98449829389447,57.656367667804865,59.01691877572942,12.514523140649064,21.705361691796508
AMGN,246.3046757784473,246.4685427711585,1239018106401.4866,258.18411110036453,254.27390071539696,191.14911749571436,26.2809802071058,10.335697109756264
AMP,898.7992165595522,906.7591447339133,103410775485.48125,908.0515396022148,899.0496223865883,928.6015869184704,49.41769651053555,5.496659503549194
AMT,631.6276397974178,632.5986956908815,535443525741.2132,625.6670335312829,634.5976790518511,653.3196621635797,41.51833283586111,6.542465282554047
AMZN,62.34379763349953,63.67203475080773,539736848566074.6,65.06017595270437,63.77947119067461,63.77947119067461,13.162279946056763,20.637173216295434
ANET,357.7470622802806,364.6520101701282,1305293291173.312,388.7285143953606,374.8700616756481,374.8700616756481,31.910311616857904,8.512365984688296
AON,1046.8784948746727,1069.1361603209205,1259926689298.3118,1081.9861786871234,1068.4512700250855,1081.778742436573,53.872611199047846,5.042121499634045
AOS,53.07068997964108,52.6061128039404,241914466269.2114,52.504795631100244,53.02176153620067,54.36784782302643,12.001008477198384,22.63411876462211
APA,13.842562100107006,14.239701356307185,7538180270702.947,14.584893784946427,14.123603327595601,13.84852930779351,6.193889058161034,43.85487835146868
APD,218.115106385009,211.06090248350617,257386822684.55527,204.6050945631563,212.73739854133254,219.25861830741349,24.038789169472956,11.299747639248528
APH,44.39194944689526,43.725811103231464,924881053621.8192,44.22115433713622,44.75325629896525,45.73395624306418,11.02561914614907,24.636462367106006
ARE,290.96220356637,291.1308202484403,259269519967.71854,293.6208064498662,293.9418792980006,312.4890572226784,28.2566973275914,9.613021933136837
ATVI,143.82679193425255,145.62871967247523,23723108194337.992,145.8298000104115,143.8890885691121,139.90262628282895,19.769905676699757,13.739683719800599
AVB,654.3500486864077,664.0432017375852,97823255162.98186,662.4034099320921,655.9482632352193,686.151646467587,42.21098238520607,6.4351084911813325
AVY,413.85628451811544,410.5415009824678,38686831524.31343,404.94675227108553,403.77815366221125,405.658092131469,33.11784546913999,8.20199041695688
AWK,162.7003253842514,160.34430915462445,154503615277.6203,160.97186710061567,164.52552886503707,170.22940131461974,21.14011347657331,12.849138746069544
AXP,285.91762446122806,291.3015111464655,1967153975731.2925,292.57506961797543,285.01264547281744,287.894960536443,27.82420286390427,9.762445037393244
BA,285.92483456029004,294.6013813023094,29207409387370.883,296.8523804534694,290.36780116250594,290.36780116250594,28.084383471337915,9.672003355365264
BAC,18.80667003774153,19.060744769491336,243829224056184.78,18.98375699196012,18.76807435302611,19.06031220021906,7.1400380157276535,38.0435301002333
BAX,10.438506728673154,10.66618714857037,1678459506229.529,10.592411857347615,10.742301352184205,10.348788530587564,5.40181034378328,50.28541060882586
BBY,55.354280235196626,55.52589781639826,2385597975740.111,56.15134436775382,56.22981222592781,50.911591426872604,12.358733947169044,21.978970688204395
BDX,41.38121043861934,44.0799719332976,263769533051.88977,44.003919813310105,43.42783712187468,40.57050509181387,10.861123864857795,25.009589665673282
BEN,7.746472386217719,7.814919264694135,2151271131690.6023,7.790281622946684,7.78435272354352,7.9545929255009735,4.598348893008236,59.07169235922057
BF-A,8.32794928451978,8.56116365735957,1893978081.8531115,8.421087254083803,8.442508932360658,7.4173998932674206,4.788797037674804,56.72243969229396
BHI,0.0,0.0,0.0,0.0,0.0,0.0,0.0,
BIIB,1540.7725577756594,1622.340576093271,2258106069869.6147,1812.0540325038348,1648.7498970736106,1648.7498970736106,66.92186833579531,4.058946020532033
BIO,6497.022300938298,6669.261618365517,5840868226.8833475,6735.974694274151,6667.682583385879,6667.682583385879,134.5792565813818,2.0183812726286354
BK,26.931799816837476,27.045781167338905,3835273968663.391,26.857357440169185,26.941337378117154,28.31743989158113,8.55461052386282,31.752731513659825
BLK,6189.024143717757,6189.7396392735745,45642329126.98412,6119.296463225246,6155.037029817917,6279.50000226838,129.3022259836517,2.1007546397730907
BMRA,1.1049758101569687,1.2532478064625858,37440227237577.95,1.380894118976022,1.2241882668173114,1.2241882668173114,1.8235378108753768,148.95893550885566
BMY,12.789204989616726,12.793085173517014,17350818778689.846,12.24199564920164,12.832430439050174,10.963301541156273,5.903983374060115,46.00830218485964
BR,129.32502662946925,128.50308613523734,34161248078.07382,127.14338857719203,130.02920213289298,138.4766436682371,18.793649164799128,14.453406509094446
BSHI,2.3558142353898077,2.3563277248171604,459970.2380952381,2.2207297984808494,2.2216011893564493,2.2216011893564493,2.456539298001806,110.57517027677741
BSX,7.2248603207914615,7.235249988480001,10440471406996.725,7.054341034623547,7.0745513404563924,7.0745513404563924,4.383692857184212,61.964252518964855
BWA,10.326423640840177,10.737997491852832,690981109085.8844,10.63773220412535,10.489521544821114,9.954126359342483,5.337876310759287,50.88770053000847
BXP,75.27658266759086,74.87411869762232,130271454589.78963,72.70317623156751,74.04632208103816,78.69413311466263,14.1821610333524,19.153093137875352
C,23.12758573504073,23.058847135856286,43523846490645.63,23.29974309256169,23.36589070754626,20.873194973904,7.966761885132272,34.09569095758598
CAG,4.200909434535044,4.307339988608756,2138326211603.678,4.310290692160263,4.3404233847281635,3.1762832380815738,3.433655450123921,79.1087676424674
CAH,16.667769247287232,16.815057932636485,1772286983476.3164,17.137151544498415,17.334586836680337,13.563139291642916,6.86194786158943,39.58529803011751
CAT,228.29283168665847,238.35433197227655,1991200059650.2585,239.48796829315856,234.43693383599103,210.20930581787263,25.23502171483665,10.764098174262395
CB,152.406177341804,152.2519926653992,610062299868.1971,151.4569050175683,151.01219242373244,162.24414927645512,20.253340905118723,13.411725622980752
CCI,221.91778161261576,219.7398960808981,431309365780.2658,216.79448375955494,221.0292394532303,230.70147718693394,24.50278961397333,11.085768414435552
CDE,2.593376695587301,2.8155040779477916,4604109256940.508,2.9938712605324054,2.7996011742552707,2.7996011742552707,2.757647492584833,98.50144077462755
CDNS,365.2920891114837,373.3755038131627,420023782803.6029,378.8589106034689,376.6392307887712,376.6392307887712,31.98552205879911,8.492350091044392
CF,54.3257383623026,54.98066859061318,1114856822786.5962,56.81148088335471,55.844212025722356,57.41769723214068,12.316285571250026,22.054721741936355
CFG,11.077471547202737,11.226682228358547,3279884293142.3213,10.625121668399581,10.87164135707193,11.583031760188074,5.43423261897589,49.98539264212352
CHD,19.269364453354534,19.23694198650701,392006456398.8095,20.03651616653846,20.145799970304815,21.014622714038694,7.397465104694342,36.71963940671657
CHRW,19.06434181307808,19.33563152204284,268812763111.61502,19.864179551330984,19.710225706976598,20.094679059603177,7.317057454891477,37.12315406059274
CHTR,3270.1256843472283,3211.2275262680773,219006116889.0149,3100.7852106258792,3179.021006606057,3179.021006606057,92.92602609254448,2.923101983266002
CINF,120.38076947471157,119.828935018473,168330612866.43362,118.14496262530895,118.82624787018234,121.1689211713455,17.96581231306885,15.119397132438698
CL,8.097189667245914,8.189355176641213,2448374323984.631,8.1670996782738,8.227607439440007,7.525259938642033,4.727455478904975,57.45844723027693
CLX,138.78607351306937,149.97256421261048,665716071716.2697,164.8886410042901,147.69638373416123,112.7595342393849,20.02975316949872,13.561437770575532
CME,148.34137785217723,147.23800867435287,416206504183.0436,143.96156135939336,146.71048769171747,151.8356060540015,19.9627903965547,13.606927978115973
CMI,220.72963596896497,229.30538218727088,135186478565.75961,230.63302979288673,226.96547107560684,182.4253999723844,24.82964797287823,10.939834969261456
CNC,38.93734984772469,39.140543493549586,3477595247687.075,39.440563375733674,39.943497211910234,39.943497211910234,10.416305519328674,26.0776002263086
CNP,4.601501067556662,4.498798683348278,5930178406339.129,4.380619423474099,4.539327751358536,4.897092741134128,3.5114495808590966,77.35615873535868
CNWT,3.6368111826724673e-05,4.74470774817486e-05,39028866513.06588,9.671465185809448e-05,5.134625942930767e-05,5.134625942930767e-05,0.011809868770586,23000.446189942137
COO,478.6058902748152,486.3087025758498,14083353580.719324,475.6696970202259,484.48130139926917,484.81566654990553,36.27681719059103,7.487764148134728
COP,90.43151830834812,90.93664196637076,11484907959970.238,91.87455574006555,90.44765690312758,89.03306112387018,15.674342301187808,17.32973836787784
COST,4352.388816079747,4460.690286744568,973736142993.1974,4612.0413192852975,4529.517310853338,4567.117735617509,110.92172843280862,2.4488642126838793
COTY,1.0338100376101433,1.0419807106577903,47330410722550.4,1.0402328827220673,1.0466194649095169,1.0466194649095169,1.6861067622477868,161.1002679367859
COWN,14.586852317633937,14.990287117558927,101069926354.71783,14.963180783827545,14.73809194465683,14.324494701044243,6.327196134821679,42.930904207824206
CPB,9.195734227428938,9.692021277471499,1513548243897.7073,10.190887372111888,9.812713396299237,7.169316287568191,5.162799075990248,52.61336867269907
CPICQ,0.0,0.0,0.0,0.0,0.0,0.0,0.0,
CPRT,56.222864576199186,56.93737789052385,617556233164.5251,57.344762694479144,57.031009773605675,57.031009773605675,12.446470010085989,21.82403934192008
CRM,693.1042451043998,700.8822009493673,10357867023122.166,716.0596070026997,708.7178090901072,708.7178090901072,43.876031489425,6.190902913213876
CSCO,19.831139534629017,20.0057229333293,75325012007503.14,20.004568268291077,19.87510607953786,21.245020570182525,7.347598115432386,36.968849806527594
CTAS,1392.8302420850252,1400.7918916084482,31376471026.077095,1399.0932719544285,1398.38658694199,1430.2007771883168,61.63172045419401,4.407344938066881
CTQ,0.0,0.0,0.0,0.0,0.0,0.0,0.0,
CTSH,19.42139796377341,19.510180419621136,1897808680651.2976,20.503612957107915,20.332306036248816,20.088957200230563,7.431628394952164,36.55083875731025
CUK,6.637370466349785,6.834829603669967,646717421899.093,6.775574102720174,6.642860393966089,6.642860393966089,4.247840772685247,63.94595883038111
D,5.854038117837712,5.718752392198172,1444581042257.968,5.322000758206793,5.805361297611921,6.70871358648197,3.971049430710665,68.40314025492584
DAL,13.360142161778672,13.867427784969559,24197279410780.266,13.635061442902714,13.492037263077798,13.492037263077798,6.053819005069709,44.86956926539584
DE,589.8350851537597,603.9456592128997,662779705265.0226,592.9606328706478,585.510297972533,575.4425981455473,39.88025580665331,6.811196309398497
DFS,169.72322296162957,169.1251343214828,966827590367.0635,171.44773028094295,168.31184798228225,167.26119034194662,21.381984511662605,12.703790474639332
DG,165.0413567266694,161.16123141011505,1291361939748.0474,157.38683177678982,163.54794114381124,168.2232938097453,21.07721410120624,12.887483604989312
DGX,179.80271853372633,180.1481975201824,218219043898.17963,182.11203875159313,182.14990293324053,189.64802952452595,22.243603166711825,12.211701905141444
DHI,83.64984877396547,83.39233014128075,1271302382101.7573,82.22678968536457,83.3593766590378,83.37205338706671,15.047622781644868,18.051505883007835
DIS,134.87914763483175,141.06445293665928,34516227616968.383,143.75012294507547,137.78082714730795,137.78082714730795,19.34572724035784,14.040942880735077
DLTR,174.82415563531038,180.97591337992543,7265770929563.334,189.3806538673587,184.11380403446177,184.11380403446177,22.36319455288344,12.146397533939158
DOV,317.5055901839192,318.22852584351426,85906924718.28546,321.4196563045362,318.0087909991986,322.5252994301494,29.390720268542665,9.242109369428322
DPZ,3888.676687636601,3941.5407760219737,100976237125.69286,4056.388615514104,3961.153337308682,3975.034451804216,103.72931110517256,2.618664370505009
DRE,45.847663386208744,46.02158417869321,411045107266.97217,46.83449083407077,46.56011049571035,48.300848976779044,11.245989342244362,24.153699857049247
DRI,79.33813946425381,79.08974578858819,517939758449.8615,76.38490776041368,77.64021851399426,82.79884611147277,14.52225441732204,18.704551191731227
DTE,34.82358766148841,34.468230194807724,186780512567.8426,33.46834900407798,34.17151118690541,38.02956762821138,9.634357534115376,28.19412194391707
DVA,82.323753136331,82.42734380280342,102661661308.8939,80.42907833199749,82.54616053330982,82.54616053330982,14.974044013208331,18.140206541969764
DXCM,506.1861750064928,521.4591776949337,2302483032045.855,532.4296183917314,516.2936555890863,516.2936555890863,37.4488995741523,7.2534107612504855
EA,34.21159623945017,33.82403923906687,1083719957271.8254,33.72050256115935,35.07704506757113,33.67172930453617,9.761176525414765,27.82781875329348
EBAY,46.059946550275946,46.623671571844895,12294800577681.248,46.60487677741698,46.047823909311504,45.94224940608101,11.183950138426324,24.287684387545568
ECL,57.337230456048566,54.42077315463865,188192803739.44946,53.14172634274636,56.031009817931086,59.35284868848984,12.33686724094454,22.0179277172272
ED,15.282091946999163,14.968227668748035,1925274015417.4539,14.725527601341703,15.216075252538614,18.67198177797794,6.428978748441283,42.25122866271766
EFX,1617.7262081794784,1647.649604641189,130638109552.15419,1670.7907286191837,1660.1481423714056,1655.1053662559139,67.15279422220337,4.04498806511811
EIX,11.712753812238079,11.654015700909307,682931060576.1842,11.604450983174017,11.998572573925797,13.513693625165057,5.708939725605648,47.580157476496794
EL,816.0736070136091,809.7599593790067,350190388769.6838,816.4106269880098,826.3324083611511,834.8153733593501,47.37705481520927,5.733413616098061
EMN,46.76363523047522,47.013866533990694,173010748187.20084,46.034755462381874,46.82412400848315,43.464943115115524,11.277828786340333,24.085509393186133
EMR,33.70802114773336,32.908416461237,1170633113712.9946,32.08509401879302,33.10798838690571,35.00135145769071,9.48324702682789,28.643380310531146
ENS,61.20763991042703,63.51085890388236,15080612464.569162,63.68961643286472,63.12757391964624,59.66675189948244,13.094840592606303,20.74345611519057
EOG,123.57758055719182,125.25436767226083,2801533211375.0317,124.29003860339176,123.15087160354793,113.23021507213527,18.289819159026944,14.8515547806322
EQIX,4199.181765544864,4197.9083625643625,121815478416.95012,4211.063706973292,4285.365036014815,4396.274591937233,107.890840751658,2.517658118851675
EQR,67.5317519481745,67.97995994318875,842266990639.1724,67.23952360305935,66.97937832090818,70.68736823255816,13.488424413233425,20.138174989633935
ES,10.869885472027555,10.738112313352373,310625667824.8615,10.652204869407791,11.138994560070882,10.905583893862595,5.500645569477982,49.38188576907769
ESS,1074.1505365011678,1085.9000618762766,20813336696.2711,1075.651178716447,1068.7545230887513,1120.3055066579493,53.88025585061144,5.041406112125256
EW,201.74437966589497,206.25038188494435,867863267654.7935,208.92875799415089,207.73333957182152,207.73333957182152,23.75438373660125,11.435036757009547
EXR,914.294092229126,928.3353441158143,112458193951.0897,947.2531024342794,933.4673240136823,932.5182410063659,50.35472476478655,5.394374657730224
F,8.414488643325988,8.782390420694195,1526487347695275.5,9.137607066441072,8.808065031630122,8.308679648218076,4.891374584896466,55.532907254105645
FANG,251.3264735078389,257.8745128099047,1917256732454.491,262.77108128191554,256.86316523183433,234.5774747086912,26.414450555349124,10.283471564133576
FAST,20.97054994122835,20.658548913500873,1879796584875.2837,20.450294254580427,20.731577194547704,22.15752200877198,7.504242122707108,36.197159783292726
FBHS,44.14900454463382,43.63638861993761,100627044518.1406,42.06816099137446,42.948587826478786,43.044215657587806,10.801028467604011,25.14873949113859
FCX,13.125035333533145,13.162573195053215,72976279037498.6,13.376445693792038,13.317671272161236,13.019134834481148,6.014573158566193,45.162348849523205
FDX,618.6688452884322,632.0299106020791,2878898665485.481,636.7610441911855,637.092398498977,588.2537210095526,41.59986086591998,6.529643261155122
FE,7.257560010907808,7.179467890523665,3267551934876.5435,6.945833443828305,7.093140135935741,8.242588233993706,4.389448283070832,61.883005255073364
FFIV,238.6903894629658,244.16974549552523,128305749020.53413,254.83068562312457,247.88545136227123,247.88545136227123,25.9487346869487,10.468034547548346
FIS,214.82762842988882,209.84150437970547,2977052916728.395,204.52037839383271,210.5554368514533,191.01894533628794,23.91519335227137,11.35814572631697
FISV,53.22890680637999,50.85112063951909,4176751393262.7866,49.81780729273924,51.01478275217442,51.01478275217442,11.771686489975425,23.075049730509097
FITB,16.998753366725058,17.269619037230683,5505354985198.256,16.79503238748614,16.76288957728132,17.18995505309277,6.747845161205139,40.254665701255156
FLS,13.110422156002983,13.375678089846199,2363556586388.731,13.575509650457668,13.502270725872359,11.815477750293756,6.056114425232116,44.852562566588894
FLT,397.4007626172387,394.5118402083757,113507116308.10657,392.24746638642733,398.22915577347436,398.22915577347436,32.8894940769144,8.258936745360506
FMBM,2.176012326763661,2.1121695094359154,1859324.7669438145,2.0257292918809884,2.065139644585295,2.3953011083373,2.3684563129500336,114.68746528400737
FMC,80.42962570752402,81.86794998478236,226516259824.10553,82.37175778916533,82.85509965895353,73.5789760325645,15.002038941798062,18.106355557532545
FN,119.93306248478238,125.12245094631731,7050029109.819853,127.5229139659279,124.81549143683803,124.81549143683803,18.413015211976187,14.7521874087993
FPLPF,1.7382496812644102,1.7387396898358012,5068.455073696145,1.7387396898358012,1.7382496812644102,1.6195632357342666,2.1729350519842106,125.00707323033183
FRC,368.6122368795671,373.6785029047527,113870295353.20609,371.95849369099324,367.39430460320494,369.69056252723016,31.59052738175223,8.598534867292184
FRMC,4.4329874960231785e-05,8.637797329131945e-05,343373301.9131237,0.00013925422079855108,4.4329874960231785e-05,4.4329874960231785e-05,0.0109733421205438,24753.83052712861
FRT,155.8674741815253,155.18290753626727,90292962913.20232,153.51129550950293,153.6661182218006,160.46509722561365,20.430534408296325,13.2954060691551
FTI,0.9797460292906562,1.0617688427893401,152406187507372.78,1.1257145296792739,1.0647970764143897,1.0647970764143897,1.7006858231422406,159.7192423620424
GD,257.34760039083767,258.0780946651569,178351596101.033,250.5725872321393,253.3483448307951,273.42147861504907,26.23310527484544,10.354559565946982
GE,38.17275256128154,38.96235405436947,17979575603262.992,37.99239564526748,37.848111551135666,37.544475123753514,10.139412085075769,26.789743713835378
GGG,11.306901114753986,10.70496470426067,116431283421.98915,10.309387638105804,11.037512400503555,11.511114739915586,5.475531335537307,49.60838218661935
GILD,8.208678155168617,8.067688579866497,5803644786401.486,7.693177592359145,7.953128190957946,10.544560908887082,4.6479308453749,58.44154317365607
GIS,7.638129921675597,7.395990136713758,2888808522331.1914,7.47963667933404,7.698577210740378,9.088293544770032,4.572944192252064,59.39986139091121
GM,18.165672532866637,18.74366815358483,89564466088915.81,18.764877234348184,18.24378060685244,18.08025268993987,7.0396016904772925,38.586309724823096
GOOG,335.46897548555745,340.007838972499,97658470845553.05,337.2589416815187,335.9420001663391,335.9420001663391,30.208058819975843,8.99204589036755
GPC,120.39885425153172,118.76591773591642,112058432076.56212,115.99407990790597,116.66610385812159,123.18529526113774,17.80176295370719,15.258727569539849
GPN,793.4259296613069,792.1880293024833,1414956317772.1091,791.9984452588902,791.5135996651287,766.2060796307237,46.36815943157986,5.858163327982888
GRMN,234.4647513660326,238.23763765703524,85139984748.04738,239.7117132156503,236.94858263166006,234.357551132912,25.369839753403856,10.706896606696159
GS-PJ,0.1702967924329475,0.1565675753570439,1702986535.2182379,0.15718503678547266,0.16100068670235387,0.12638961598221357,0.6613091483457462,410.7492718762905
GWW,1482.714558323114,1473.7654902083757,12989026864.449482,1465.4291539322446,1494.0539701831196,1546.7272804860236,63.70504244465624,4.263905033955915
HAL,3.704478958479766,3.7055451093230785,9782748094680.02,3.7082999764524303,3.6969825761424735,3.6537941031007737,3.1689425676193443,85.71700034696676
HAS,10.195103451446325,9.579958295166794,172259578474.89923,9.287798467043427,9.910010252626074,10.656241094175611,5.188331517954706,52.35445156658479
HBAN,0.7585859793707839,0.7548729325594106,116044582559513.72,0.7250982428133218,0.7355562314689849,0.7304042681289445,1.4135090909317758,192.168733056458
HBI,2.5129449983586167,2.589097350100384,21917645774914.805,2.6215825690287478,2.602753716567702,2.1761222221305894,2.658931836786233,102.15841091152544
HCA,921.1886262588424,931.1518051964862,374081510471.7813,938.5003587076743,926.2797956993958,932.5541130934168,50.16048904440589,5.4152632149912945
HD,1620.1758096243375,1637.9023192304162,3127466415290.376,1669.04500048202,1638.9630945876074,1675.7792066618629,66.7229521952035,4.071046652334305
HES,85.55202980682286,87.23243736352352,444275647084.12067,86.4909117578952,85.80663061678668,85.39097394637118,15.26690808238238,17.792224182026857
HII,237.6842917994629,239.16817829364913,14821418571.428572,231.36468136474565,239.53290628695402,231.1702582227782,25.50781499140482,10.648981547799174
HLT,131.34369800091824,132.8462621299987,812325980988.1267,135.38819701083435,134.51201076163852,133.59711539662706,19.11486340320998,14.210525361250006
HOLX,27.414460723829144,29.126500537363917,903960939309.6499,30.009762512025667,28.44694961343055,28.44694961343055,8.790397580520992,30.90101996866059
HON,95.97228151445499,95.1226226165021,3780597439706.474,92.74584168009247,96.15963261862441,96.21692528467824,16.161700863367923,16.80715745604636
HPE,1.2203193809532498,1.2194048003792228,19234720976626.83,1.1927439070056611,1.1942930826807256,1.163957679288575,1.801134416425129,150.81175990589173
HPQ,10.14213630098096,10.281632994933226,26640557774868.2,10.580033581560077,10.335127982618598,10.345246537331048,5.298447017786985,51.2663899924394
HRB,7.058085297521625,7.069894986475407,1069327544400.8251,6.915247268442949,6.915005472184666,7.147941550843051,4.333980275969842,62.675008622959226
HRL,5.916354239866872,6.163954877684549,1314380053677.721,6.352478442828047,6.226597200252652,5.2677453246737596,4.112596034893164,66.048853051331
HSIC,21.86325581895081,21.619045939646554,198049706819.5704,20.827990101883408,21.48445735000542,21.48445735000542,7.639287607563923,35.557275118061085
HST,1.1807193755797416,1.1781443628922168,8294631605009.291,1.1212589127505923,1.15141227605717,1.1229420050603403,1.7685041944198117,153.59434940851733
HSY,154.5339707545301,153.16617268074597,121640334970.2381,151.7534019401269,155.5520455385165,168.3835287540273,20.555522932641985,13.214562921033526
HTLF,6.467754615526564,6.536388909227275,12719454272.329302,6.354870270988841,6.339374344841989,6.47058852622857,4.14967290793746,65.45871378164988
HUM,665.2219138003861,664.4261665174489,133373116513.44797,649.5151790511038,677.608825653757,686.0755722717787,42.90226226246503,6.331420229226342
IBM,71.05946429741448,70.9606941616334,13546017151153.463,69.87478472993588,70.75712850922609,67.53113923719499,13.863591923868364,19.593208791762482
ICE,66.38174845460618,65.85566232578299,597368127833.8373,66.57495604763585,66.50711166472526,69.67309190471944,13.44078735051653,20.20954904533224
IDXX,4869.828505815204,4898.173930517998,25379942966.11237,4904.0941473079465,4949.8659428788815,4949.8659428788815,115.9544405809766,2.3425773933897
IEX,165.89200854639628,163.15612035826447,40243968965.734436,156.26580551708756,162.0764521176748,168.32228667686698,20.982180904298318,12.945854027619209
IFF,95.78968144412586,89.90768166567096,12818194667827.383,82.34251548682973,89.81943371745385,93.16584817585918,15.619812732334523,17.390237374987212
ILMN,1690.3377429275397,1701.7766257803773,245719673724.33234,1759.4197480120404,1743.7566103598056,1743.7566103598056,68.82300004804847,3.946823750468684
INTH,8.78671387829574e-07,8.78671387829574e-07,445.8480725623583,8.78671387829574e-07,8.78671387829574e-07,8.78671387829574e-07,0.0015449125771809,175823.7036711783
INTU,8940.334322313087,9218.771907280843,364456072325.5228,9373.757943321782,9146.069777391944,9133.048679211588,157.61876547460676,1.7233496934849835
IP,20.438136821070657,20.61365711915627,1858532999343.5938,20.343576178216413,20.446795903642798,18.224124909797514,7.452522526287391,36.44836365271123
IPGP,727.2579171183748,780.3921482823699,32244075330.530357,812.3908652420128,776.4124069155644,776.4124069155644,45.92370302200734,5.914859501594954
IR,21.237579914684837,21.306092608148735,1476450164714.506,21.69272883702414,21.710906483092412,21.677627559399983,7.679441648260287,35.37135427413281
IRM,33.30023111994414,33.625601937697546,3672085068558.0435,33.083418378334585,33.5108103419246,35.50377349018114,9.540763518527086,28.47070369584843
ISRG,1606.831090322325,1639.5757488870902,414236994121.1577,1660.859404953708,1643.355280439939,1643.355280439939,66.81229634543024,4.065602681335229
IT,3559.890738066071,3679.3344484041186,86322660511.46385,3771.3377719486652,3657.7177562298075,3657.7177562298075,99.67718436344391,2.7251196239423945
ITW,154.30918857040834,152.18809412741385,247089780445.32626,149.91438218158464,153.92684089573234,164.63561225466935,20.447859131877024,13.284141357599932
IVZ,4.893925501126072,5.055690187207246,4896923857623.3,4.967066570385222,4.923630247046708,4.57579011111129,3.6570709152611016,74.27590480529456
JBHT,275.8411097293372,276.1658172442775,66639244982.835724,279.59915068122916,275.33948871530123,278.98785595569956,27.34795881875343,9.932450643514848
JCI,73.79451089437721,74.11798516368161,2354844248954.869,73.86557741530507,72.98395431701803,73.32824313394346,14.080055330248054,19.29198748137019
JKHY,74.46334121270995,72.86281386817856,70934224279.88786,67.94222811075188,71.72856147161482,73.8606986197296,13.958434950089286,19.460079309708536
JNJ,25.831955676732978,24.86260377261832,7113948007152.148,23.588105581967724,24.901294996290325,26.537804471563398,8.224350926878307,33.027804088516405
JNPR,7.696166739431342,7.629410756418931,3747432080307.382,7.821667194715483,7.786129295344103,8.366285029497993,4.598873588587277,59.06495274021818
JPM,92.92846391186607,94.76823014440166,28496307902957.137,92.36649812811834,91.31835055996416,97.48214632073214,15.749606069856126,17.24692350801294
K,5.718898402589563,5.533658498541953,1598684424693.2476,5.486933477653583,5.6660355896337755,6.674580802586428,3.923108464484573,69.23903675547056
KACPF,0.0,0.0,0.0,0.0,0.0,210.27583727732832,0.0,
KEY,3.19544174844508,3.2307164507866237,10021736420316.83,3.1113409382491377,3.130211631578736,3.27049218632007,2.9159328389358428,93.15449503537813
KEYS,412.2864373419653,417.06469915369723,247851811660.84024,424.20466461843887,420.54379974113624,420.54379974113624,33.79841106302046,8.036834946520413
KGNR,0.16055720862029543,0.15897012017391296,106383.1093474427,0.1602629520539982,0.16121003675442322,0.16121003675442322,0.6617389605766263,410.482482294
KHC,9.416918974529416,9.405681557654093,9554514644453.262,9.2504792171025,9.40450666914254,7.921851282422122,5.054272764369788,53.743092989168076
KIM,4.782801713983987,4.806568414677327,7961693045990.646,4.73361115778219,4.7166347142618035,4.9004975287697965,3.5793716003968545,75.88825120533123
KMB,9.70588122131164,9.764407312498125,979366849544.438,10.274810330275821,10.118815049066567,13.012145783522572,5.242705895748927,51.81146083139995
KMX,120.52641049909423,124.00110214081974,450563721528.56525,124.08202096863127,119.45594318896332,119.45594318896332,18.013352481931882,15.079494582732622
KO,6.586646312896339,6.445333214874066,56957377595670.19,6.2583158955450635,6.560981407762539,7.912234021626112,4.221580450095537,64.34373438554223
KR,14.491857207323989,15.030589867895666,22606387620391.0,15.431082982326625,14.958566304482195,15.627236819732214,6.374346271998768,42.61335038564996
KSS,25.059029331440648,26.9727766019893,4975215597076.5625,27.35077060002408,26.76556525913354,23.130108026371932,8.526658633442727,31.85682256620032
LBTYA,2.379311553817282,2.3373703748332453,424875257735.5757,2.3803592635453588,2.330649116370335,2.330649116370335,2.5161070449460654,107.95735090593799
LDOS,36.08529160756981,36.209550065954325,212627704782.53336,35.74091172799098,36.786939190356094,32.837066038213536,9.996258853122043,27.17339108153532
LEG,17.023680813031437,17.30703300807398,4820848133822.596,17.147956105533197,17.315959140694474,14.730971036237168,6.858259956083947,39.60658430965141
LH,659.7183772522383,662.9212635523523,85193504103.67851,654.6055428261031,653.5423310639798,642.3637480128847,42.13349909758101,6.446942622521
LKQ,42.9195368844535,42.900102809864244,459044466600.37164,42.927335173219845,42.6115215517286,41.244499531766266,10.758561021249992,25.248009527633393
LMT,381.42939271934426,378.4510607815696,662315739153.9116,365.90249361666605,382.3011231299962,343.8229096856468,32.22503913107183,8.42922952128345
LNC,45.93713261036958,45.99618202940363,354412033160.7458,45.82634644973571,45.63408891023833,46.41560152936248,11.133593445377516,24.3975363839895
LNT,15.652339262828288,15.197713543208815,433711047333.5538,14.912881105339768,15.459018312848132,16.7437042538223,6.480098722371841,41.91791866231358
LOW,661.5305990636818,667.5889950810963,2472023562011.0547,675.3485004151464,666.0175023455016,673.946986089892,42.53373172900468,6.3862783754502574
LRCX,2536.413655369376,2501.756980494144,265714377595.742,2433.5400494269775,2539.8591282841,2547.4421058454614,83.06067978687464,3.270286877799774
LUV,37.955315426522276,39.4057232345445,8033088674954.647,39.145664804793896,38.83544096493365,38.83544096493365,10.270812165750344,26.447007966317017
LVS,91.53988359039266,94.54720207070883,22321477540661.844,94.62001121492666,93.40699113056988,93.40699113056988,15.928700912390706,17.053007188856576
LYB,53.989024355332845,56.08363991704013,635579691512.1882,56.506523699310534,56.040685302941824,38.01552666787832,12.337932365612833,22.016026925647108
LYV,143.77311842111996,148.18827353334456,1043276737401.581,154.32332865813234,151.5136323627486,151.5136323627486,20.28693891186053,13.389513930528876
MAA,770.0471660783023,782.7979726017177,69055414051.87076,793.3083793610622,782.603017095072,790.4604827831259,46.1064224706837,5.891418952334885
MAR,114.87662173553973,118.24818155439944,800428962239.2289,119.91029028420057,117.7603739929461,116.32325176037021,17.885053951863448,15.187667417678863
MCD,224.820418896633,220.5284868053498,844399980877.2676,219.60430142198737,223.3098513227434,251.16118725222174,24.628876877117357,11.029014945481261
MCHP,22.517514717128332,22.562683867883344,2396391416875.0,22.93688137030737,23.110271079021146,23.61179908738953,7.923064406087198,34.28373634820551
MCK,249.43776648900382,247.06230147073433,199019472023.65207,255.8327055019324,252.56130947949512,262.63493482184685,26.19232655796156,10.370680533745038
MCO,1796.0419341740978,1837.4607541146697,59492945698.53867,1831.0715749643027,1822.2090377836291,1832.7779325145655,70.35415716445665,3.860926803986721
MDLZ,8.787237804434621,8.660172152866936,5475029998740.867,8.3090771576084,8.684016775714966,9.45065785140657,4.856808649689004,55.9281352757306
MDT,55.08481119525795,54.20372883708958,5907951195265.022,52.431480426975305,54.81013987248066,51.13924587425488,12.201721878654189,22.26179664390984
MET,19.22493848247275,19.676554696896844,3534155812328.5146,19.0868946146661,18.855966729984512,19.765941242886782,7.156737169141633,37.95476133165362
MGM,20.154920106389515,20.401271287110244,10852975950091.965,20.30794314246013,19.933334740688316,19.93526443366348,7.358353476764596,36.91481416676648
MHK,324.01761995494707,335.6363104696003,52288599818.5941,335.456329372013,332.3516481787197,332.3516481787197,30.046202151724437,9.040485376370786
MKTX,2920.7949108541975,3106.8888372042143,13367997884.070295,3220.3781209480676,3074.220434194257,2917.6459866568584,91.38147608390328,2.9725089023375144
MLM,1319.009094844929,1305.495899941376,47146801194.7279,1299.7335194419672,1303.8058497513537,1318.2192777878095,59.51098369663843,4.564405329826343
MMC,382.24100822429386,387.09591662754013,466960569319.72784,389.5200045851838,386.4866987805398,394.5929171456558,32.40096480605212,8.38346181337808
MMM,123.5727338748194,120.83710504973308,1187698431058.6736,119.65473104445692,123.37678935999269,107.20944931693309,18.306587621878865,14.837951057766082
MNST,14.131784441494755,13.555564945862802,699682074942.6807,12.842694913794265,13.796104870809744,13.796104870809744,6.121655840873334,44.372349284077536
MO,7.840091904997861,7.957062082248514,20431117028922.902,7.934960271611989,7.929241721181339,7.56433749525509,4.640945785915694,58.52950318715043
MOS,15.218329326286945,15.03294931503208,5575886350496.819,15.089497097145626,15.187770882769254,15.1790135384477,6.422996493158482,42.29058064370371
MPC,37.8163372669082,37.56680658377401,6612242337131.519,36.61970636145627,36.46703846290657,39.51326675560942,9.952700011109872,27.29231774944798
MRCR,0.0055611097239318215,0.005896652299480908,1520288.4857646762,0.006256303604875468,0.006016243188761414,0.006016243188761414,0.1278360544188642,2124.8485210449458
MRK,13.652185079796762,14.169263255010684,78503051106986.47,14.83727360325596,14.552892706586233,16.51364085845697,6.287316603208795,43.20320866767148
MRO,6.634956654478665,6.728776372115382,74158854719448.7,6.764478800461793,6.6698123553951465,6.645846463912227,4.256449394701048,63.81662883301428
MS-PF,0.13725638799819634,0.14036702072708598,2000198775.5462806,0.1281255655519162,0.13620472022836336,0.1653979174229424,0.608256481883734,446.5751854002709
MSCI,8246.893554402785,8399.566024249503,27470480250.69287,8489.355977460556,8341.537069622846,8301.543519722432,150.52675816691814,1.804544617023731
MSFT,1336.914669009993,1359.6326686506745,65359083394680.016,1367.6576479324574,1359.1668181479515,1371.3246577904767,60.76129874571254,4.470481322411036
MSI,864.4904034318179,876.6336635076931,53027510330.530365,890.0019970796161,877.1973388446468,892.9624998924187,48.81342928632217,5.564703302749886
MU,47.15526854062139,52.095156505512655,70194007936097.24,55.13069670591552,51.21731217841154,50.33865803903332,11.795030227092925,23.02938152241541
NCLH,10.71984235553728,11.182507162387282,91932320472210.89,11.026721672056288,10.75590114768983,10.75590114768983,5.405228618744098,50.25361003717519
NCTKF,34.406279101015784,34.406279101015784,5606471.403376169,34.406279101015784,34.406279101015784,31.230847011676882,9.66739626090108,28.09776736542159
NDAQ,64.29169195752311,65.67622510189145,989667372834.4673,65.8950995234549,64.95877212421654,65.62708315844634,13.28340976753314,20.448985307376375
NEE,31.19319696358726,30.831511730945792,8033105937305.839,31.042434498661834,31.829338633010515,33.12187858557399,9.298319690179431,29.21304711162315
NEOG,4.531160403665587,4.3718788907992945,50435396296.76871,4.267747597408668,4.450117381275825,4.450117381275825,3.4767735074900155,78.12768090385165
NFLX,3026.6767621927966,3159.149311201825,7977092235356.986,3232.7944946689736,3123.81905969172,3123.81905969172,92.11568831778982,2.9488163865316968
NI,1.956547908490276,1.8701908050970664,3250370784812.2954,1.794851505666314,1.8760725569537011,2.193913594356556,2.2574361829299003,120.32776528619146
NLSN,6.118913694435234,6.2943681983701865,3629352800774.6426,6.304785668368992,6.305846852676964,5.939997926718704,4.138685028018206,65.63250146586176
NMHLY,0.017126911501027475,0.020912350713082235,113305066825.47449,0.023657550478789632,0.020009599826724234,0.020009599826724234,0.2331362830171835,1165.12216654035
NOC,896.6895016984869,900.1951274708706,150392347976.033,888.0728693813272,903.3888690268783,939.3246971025808,49.53680976546788,5.483442564311032
NOK,0.6060236061343744,0.6020976275140121,8111949216089195.0,0.6845947336420347,0.6120347769554204,0.6012461046656639,1.289373430227234,210.66996170401438
NOV,1.8874718173002636,2.014576848047359,31880154129030.453,2.089321851007369,2.008742493599294,1.9426100350799156,2.3358922183043664,116.28629482113861
NOW,4762.2515675597415,4814.106365180354,530983333020.12463,4869.134440978736,4850.460432160009,4850.460432160009,114.7842099937808,2.366460083515516
NOXL,0.003234974769574336,0.003310756762751931,4258830128.608402,0.0035192236569537376,0.003413556295055458,0.003413556295055458,0.0962928855583374,2820.896368336383
NRG,9.653461687051815,9.608827870040658,3030358279200.5234,9.681425739333942,9.713930056093018,9.222792803501653,5.136746722222589,52.880211125265284
NSC,223.68791046382327,219.23122860507175,141983580976.31647,214.46983218040396,218.23334273104322,223.50593577702082,24.347323090225466,11.156555082525486
NTAP,83.87920845330247,84.31404280872643,763601850417.4541,83.7507510242367,83.5630527593052,86.29566700925199,15.065994867745223,18.029493143508386
NTRA,102.72578071897084,105.96470439158696,613235487645.9752,102.52455357503894,103.27744512182193,103.27744512182193,16.749174580657712,16.217650001799576
NTRR,2.936252054495885e-06,3.969203061996615e-06,748886506315170.2,5.07647010797426e-06,3.782986589448421e-06,3.782986589448421e-06,0.0032055906841497,84737.03536488327
NTRS,82.6064775676943,83.153685153589,160105186978.45804,81.20345496261949,81.96105902092917,85.35967540051506,14.920880325899068,18.20484081603795
NVRO,794.0256348694559,817.9757834963858,178613518575.6803,836.7087974863015,823.3407545763208,823.3407545763208,47.29121510852151,5.743820507568205
NWL,4.262760384544638,4.276661569758275,1613992355935.2168,4.230051293002084,4.283429233478676,3.322973596507313,3.411037269525584,79.63332842913337
O,16.62943634721033,16.722388337440428,9381426433832.186,16.325330588888992,16.605247537606548,19.668115012491203,6.71604107331422,40.445293321307865
ODFL,2168.120126354134,2228.645749390651,63180693759.76316,2274.916908085886,2230.4792067742046,2226.7070733896553,77.83765721807252,3.4897279912617525
OKE,41.62873310659053,41.39939531365223,811759132339.8527,40.77326667468523,40.8910264143884,45.022038446522636,10.53912783749984,25.773693550014237
OMC,34.30403050493377,33.970074141934354,571561098679.1384,32.82179455355258,33.34393530726357,30.518455589103432,9.516978622607596,28.541857866832043
ORLY,5091.483365761574,5121.551474122615,43676639242.09499,5140.185032058761,5119.029515862291,5119.029515862291,117.91918890451436,2.303545790058823
OXY,12.14461603614759,12.563117656885808,38941360762707.7,12.368188354294984,12.147880936564004,11.97940058251217,5.744350481752897,47.28685201764639
PAYX,154.82042549323253,155.2970032617053,564108624351.6945,156.36133019976768,155.10177410383307,162.33456773756234,20.52575067080307,13.23373042597313
PCAR,23.605571226835643,25.867359309657303,855863764079.5856,27.3195370720714,25.708261846575812,21.366687544754207,8.356550148838647,32.50530976660209
PEG,6.940397062931366,6.708326257443594,456134474158.9506,6.328254213261341,6.70750022777016,8.377005875795238,4.268458019683518,63.63709093905649
PEP,108.79061729246972,108.39400787752258,2773526444827.4126,107.95110763170105,109.91436477795682,125.50862224274366,17.2789717114049,15.720394460097154
PFE,37.99202870266688,40.63256189736979,312149302113104.06,44.030354170329744,41.385479516997385,43.03060326602187,10.60265578375303,25.619265277326136
PG,64.9436640275394,63.721996144891605,9735934195304.076,64.224842462457,66.24323574553723,75.65071907283523,13.414096782945323,20.24976079742455
PH,245.62577093423297,235.94214634118492,108474511993.41772,225.94653683091417,237.61751937201623,240.43860865009873,25.40562569668598,10.691815049592659
PHM,18.7236214631778,18.761601268753328,847687025184.5553,18.240645078972026,18.374843867553896,18.074512917905412,7.06484267666793,38.44845010706705
PKG,44.00644052654761,43.407186184884424,74030472624.5591,42.324790699078406,43.3712971930561,38.233407616167284,10.854051360037174,25.02588592571528
PKI,477.0970174508303,484.82092922485657,217122566454.39655,496.7101483954276,490.23612491937905,490.8328992635698,36.49163496142628,7.443685421474693
PLD,340.5270771927656,342.5487741612275,937256714680.0203,349.05802881533185,346.68421862133687,353.0054642981264,30.687231016920222,8.851637706196863
PM,40.890892509707896,40.76114977820434,3290930556590.451,39.8397281563925,40.5701015956241,43.60987091942699,10.497689282189548,25.875432570575153
PNR,56.36311426864219,56.16804286657432,179032484402.2424,56.28339084028619,55.82102031452624,56.385643248925994,12.313727871988045,22.059302754779022
PNW,47.818789726231195,48.30195534839737,490983402159.8639,48.11811174375318,48.357485819856336,36.97266263351312,11.461000276624738,23.700571033241502
PNWRF,0.0021791242886525734,0.002206707424677792,166356914.05265808,0.002251296279591346,0.002199516959202871,0.002199516959202871,0.0772955201231474,3514.2043256243014
PPG,159.98735354472126,160.20716270996846,431345999766.1565,155.96624742171434,159.2357339080212,157.14369266180393,20.79749044184118,13.060818656354087
PRU,89.14430114423858,89.64749881573164,688104601621.3152,88.47947485876537,88.49015228803754,95.43518172665655,15.503799299594798,17.520366841645345
PSX,46.28615489536016,48.215645800584404,1057717034691.8303,47.923026665275266,47.517717778766354,38.56702979532015,11.361049533656164,23.90908079077176
PVH,57.10530539836094,56.10061902272264,202597452394.02243,53.9367873103079,55.02657982120576,54.71528134422929,12.225789852159958,22.21797155462762
PWR,207.1936478594826,211.0439989376844,213488845341.3958,216.22172259492632,209.38140615189417,209.7751054081455,23.848426091838995,11.389944565821827
PXD,346.22309478281295,348.7277506961674,1510549528079.491,344.3986022899483,343.00192511176607,303.99659359441614,30.52382431365973,8.899024197521236
QRVO,170.13123762894577,172.70013291032058,439736891687.2953,169.91588863593927,169.94554837812035,169.94554837812035,21.48550485372725,12.642581732075191
RCL,55.53465089364591,56.76343404449621,5349981414189.186,55.647279609141904,54.80323325426326,54.80323325426326,12.200953085783286,22.263199379452942
RE,220.11598361979833,220.93796864565834,19521961218.82086,217.96511430257496,221.2463986513501,241.81766657050215,24.514823541790197,11.080326591178439
REG,62.95515010531011,63.26044881160961,196436914772.6128,62.597156801465026,62.4043907380914,64.82154794028614,13.01961794330552,20.86330431130769
REGN,4489.394047517003,4584.461895635461,92040586577.2235,4729.654423420664,4680.665804250121,4680.665804250121,112.75725206718263,2.409000274379709
RF,3.2134393812416926,3.2726355894554855,9010044961993.418,3.1816210269781218,3.1610056230063472,3.1787480507429957,2.930240729585845,92.69963673139475
RHI,227.96345579481192,228.3252583583013,245768312009.95212,228.53615465753654,228.1997084800482,227.8054393517158,24.89706820698974,10.910210347252272
RIBT,5.505287680537659,6.005338219719931,1190546108776.3606,6.818108297350273,5.999006422132372,5.999006422132372,4.036735833834034,67.29007355186593
RJF,86.63577624348294,88.49052723492564,181705577242.85086,88.5749584705846,86.9891848516637,88.54848039069007,15.37174944778222,17.67087422878435
RL,52.74085126587468,53.46432938986797,200644331931.68933,52.60574302293495,51.881402628348106,48.147269529276336,11.8712519094235,22.88151689819007
RLI,19.52318734859114,20.001751030846663,3959449500.5039053,20.094316191511158,19.99392962830026,18.03864214843514,7.369529235054754,36.8588335162669
RMD,1123.5945773763533,1143.0752670233792,60927028746.53565,1157.7680202092092,1141.6595563320984,1141.2385460020594,55.687660693740185,4.8777816806134755
ROK,1045.2214690940325,1045.1597510687582,89614586636.90474,1046.391279090722,1048.6862200440974,1074.2802190433126,53.3719962826566,5.089415238088311
ROL,4.179792669266895,4.303157330718634,698480267722.3481,4.36251731744437,4.323851126730881,4.068262397563292,3.427094126617811,79.26022488218557
ROP,1170.7416437107768,1150.7463766670876,39432041095.364075,1120.164244530393,1163.4175587909838,1181.3550465397102,56.21581010204714,4.831954759258255
ROST,36.56910586018679,37.11400087239071,940011088000.126,36.69607800257431,38.15406835944544,34.708706274946174,10.18031211687513,26.68211426621006
RSG,219.42035671694717,224.23565387167812,184162253346.4034,227.656318384986,223.00910079342248,228.56794641162958,24.61228637885987,11.036449315877334
RSNHF,0.060292535643367395,0.059839623611811714,8549746.891282443,0.05946951261752906,0.060050912139424026,108.71037607216746,0.4038782545412941,672.5597333202604
RXMD,0.001056091138995077,0.0013743645091853197,9094322754682.54,0.0015871237687146073,0.0013148508899191984,0.0013148508899191984,0.0597625223011203,4545.193889232024
SBUX,26.923695191678775,25.963673533731487,7428499676358.024,24.528332590535843,26.252951692492093,27.522081390996657,8.444612701622374,32.16633619158867
SCHW,61.33378259787246,62.028998018316365,6800294436994.835,61.515756595035505,61.49712490585978,62.61791560247113,12.92462861305782,21.016638798712833
SEE,51.86326790910418,51.62267452179586,231444836836.10483,51.781532135394954,51.91709589501057,52.48495185782799,11.875334787733008,22.873649966377016
SEGXF,5.013746885947147,5.01235812282769,1726291365.5832705,5.040372486613179,5.0459771724939735,5.211197734362773,3.7022292456135255,73.36991664953766
SHW,1087.7618143088478,1088.8984273506662,210766490255.10202,1100.3891279496431,1101.1274556256635,1113.4353465859724,54.69019378230898,4.966745085039577
SIVB,7123.18951879017,7260.14329400185,49349146228.74149,7242.696201105757,7109.063421070344,7109.063421070344,138.96225749326513,1.9547196200472623
SLB,9.21171570656375,9.394561678209957,19962041864877.016,9.252957305260486,9.212551712423652,9.211933865700866,5.002425572308484,54.30010846574057
SLG,26.116551770421342,26.2993393852429,847239165595.7506,25.73377934082223,26.09783401037103,24.155722023284127,8.419627903209062,32.26178808503104
SNPS,1599.8522368812835,1620.1626910454643,135233458565.60219,1641.7126278398648,1631.8041348950883,1631.8041348950883,66.57707042421139,4.079967013228076
SO,5.966544112910545,5.770311974720307,1563216520605.1587,5.581559430970195,5.903337676709743,7.597125625033574,4.004418687563021,67.83312944068118
SONC,0.0,0.0,0.0,0.0,0.0,0.0,0.0,
SPG,372.6362566077381,374.7884392448053,1420262372375.126,371.4042037871101,372.35835329558176,366.27846751648326,31.803229041552104,8.54102741621762
SRE,32.94081857306909,32.09056587857881,481560205802.9415,29.973063440040296,32.1703157089496,30.96714939047888,9.347991910999882,29.057818380064337
SRG,4.567911051724899,5.088350683444231,300084281925.3905,5.649477938222871,5.008204176575716,5.008204176575716,3.688346207710128,73.64608306029525
STT,49.14862836502916,49.054612108809664,1404328128144.8413,47.988712475018374,48.76265285879138,51.85378166406159,11.508913575557116,23.601902072237614
STX,148.37725744826895,153.72814501852872,3613942227711.0093,159.4798863859361,153.49865398403315,154.47134162592678,20.41939884839,13.302656615160945
STZ-B,98.57644779243333,96.8585367862295,89522.56746031748,100.69945282594084,99.14286521480895,97.3947986471765,16.410484351645,16.552360390320622
SWK,165.0573273054272,163.1543044084082,218907640171.80023,157.61133621525144,161.27407932315424,147.6322792841994,20.93017945972236,12.978018257840024
SWKS,148.87907079900776,153.07153082830902,1263953773981.324,150.1450312657324,152.09059929061436,138.16432817320236,20.325528742648213,13.364092743043402
SYF,21.35821193432125,21.499276246454116,4331944201319.4443,21.337026137025937,21.137114983341096,21.566024201031855,7.577283237496714,35.84823777260348
SYK,156.86676761391303,153.3584664879102,181437105861.67798,148.4483632304012,154.84354091767702,162.55415171460672,20.508656610883943,13.244760801348132
T,2.892148657156734,2.908504815679835,935977784861379.2,2.911355912592297,2.908898630454086,1.3637041303238062,2.8109619054874746,96.6332025481643
TAP,19.08618055624378,19.55313101020885,751036934699.5464,19.792244175401372,19.5175849184284,16.907239908320406,7.281212487462608,37.30590909630282
TCYSF,24.744630274368188,24.932285031338104,1372781.5968757877,24.970412229128193,24.770482249060702,24.25619556705875,8.202720192614725,33.114899056621205
TEL,126.82140765031198,125.39506747527854,396944983793.7768,124.83439647964515,126.4306039911865,132.49325911230275,18.531764508182768,14.657657183599804
TIME,0.0,0.0,0.0,0.0,0.0,0.0,0.0,
TJX,8.59971003208286,8.540273937472998,6810351704800.171,8.706282315880857,8.8170224700484,9.230506261459466,4.893861115866863,55.50469143626895
TMO,4319.128739056269,4426.295776689147,450419796167.8005,4449.143046833752,4452.139748766601,4466.447823857225,109.97021153351716,2.4700530023565133
TMUS,111.34068983394744,106.20353278625821,3272614512945.799,104.78873594023155,109.50472277036025,109.50472277036025,17.2467429851716,15.749770922062728
TRAUF,0.17510550920223328,0.17293953499135253,14849877.015621064,0.16446062078198118,0.16570944159812134,0.15954740724016472,0.6709100436058024,404.8713441645009
TROW,373.6758325511867,377.8833126939382,162417430409.89542,376.53180003132,375.9013032626422,419.2884201087674,31.954173001702152,8.500681621573355
TRV,34.37453716039979,33.255650613474806,249336200915.84784,32.29595079842034,33.03564278200559,37.157138263846605,9.472880247138596,28.67472659650638
TSCO,546.9272353599305,551.9634991101759,188463679444.44446,547.9400029845988,548.4901625927869,549.3993779384915,38.59891418274102,7.037302911738426
TSN,33.351494462115696,32.85163699362757,611153989907.25,32.66317509091924,32.81323475842088,35.06581477396391,9.440938949881357,28.77174109589583
TTWO,185.87086070417396,197.6153415830645,485562008236.80396,201.68192304412568,192.2341247512753,192.2341247512753,22.851036750556187,11.887086530615887
TW,90.34950977821595,90.82772545132767,209212533750.78738,89.38847425965133,90.1363424640016,90.49025884025477,15.647344060753449,17.35963944510245
TWTR,73.1554768828859,75.60033260169325,129985936507556.83,78.19766818240916,75.66241235199355,75.66241235199355,14.336091306902476,18.947441485487808
TXN,74.77299440250245,71.4318821551527,2401530474613.883,66.9627030730272,72.05252014198791,81.48712605718092,13.989920746203778,19.41628234326156
TXT,87.1059471761166,87.64093759695454,185176923478.20612,87.46767612423719,87.16822183195731,87.21987582400963,15.38756001662993,17.65271757670362
TYL,1780.9439685663035,1785.6043717129523,29529934835.600903,1790.769129619049,1816.8505910820256,1816.8505910820256,70.25063815310047,3.8666161377233936
UA,2.3642139341390305,2.4543320011458607,3404673640570.4155,2.524002616138426,2.38970376319969,2.38970376319969,2.547784552945793,106.61507891398394
UAL,28.65485924326057,29.57794713217086,29271529746983.5,29.57525712579391,28.98916947411303,28.98916947411303,8.873777867260479,30.610666080601767
UDR,36.89372890256567,37.322042871595265,674578887804.7051,37.35116533269729,37.03816144185669,38.52555767127461,10.030333579488133,27.08107851204755
UEEC,0.01960084929130347,0.019840563527589134,6697659790.249433,0.02067732997520503,0.01985186668058661,0.01985186668058661,0.232215573042327,1169.7417516379633
UHS,137.64800856713575,139.4547895225032,67108277060.97254,136.80078978932028,138.86538363470777,135.80724979666857,19.42171896769793,13.986004617815857
ULTA,1110.7346861395956,1157.435566579721,251718792526.29755,1184.0331075988604,1146.4334447128447,1146.4334447128447,55.803969160069705,4.867615247743172
UNM,4.403494009728373,4.500380429696703,9717895329698.916,4.466974253154372,4.5161590090230055,3.8036276252563734,3.5024768925065275,77.55433069360038
UNP,168.07445918673045,164.01189911763842,1034290664997.4807,159.8868208601254,167.83353426359682,177.1403122825587,21.35158090950804,12.721880048103836
UPS,386.6214644030021,386.4548308754431,3331329138592.0566,390.34523612403126,389.2853065774484,384.60117704297255,32.5180633144586,8.353272719269492
URI,1120.9221023085051,1128.114072221612,74105618529.2265,1107.9089122843036,1093.5954512531157,1093.5954512531157,54.50282509110213,4.983819659148097
USB,19.592933527611983,19.675830427588814,7492700421763.04,19.36809028989514,19.54742422038888,20.1711248956504,7.286776273169743,37.277424334860925
V,169.91810206618868,164.55552632305208,17741775797057.82,155.70311690583497,164.5307675274923,161.7384222426319,21.14045003539789,12.84893418604239
VFC,30.07065310519321,30.876196591746442,1695143638365.2998,30.463744244406794,30.52778850806354,23.038840436740895,9.106224198662323,29.829295352518002
VMC,193.94925064514024,193.09326683785017,111534905106.29254,191.50015418989264,192.81517609216465,197.51636315687654,22.885545731159,11.869162062336747
VRSK,315.7632031410177,319.66134927089803,233383708950.6173,325.8578881826935,324.34187129596216,328.41843214645274,29.68193266083106,9.151434115562058
VRSN,240.83962253237058,240.48554320332494,82109186139.4558,241.2149931600081,245.28582223546283,245.28582223546283,25.8123110304847,10.523360378206489
VTR,13.050652408869057,12.972057993969804,864687666240.0792,12.44945899591775,12.762818017995803,12.161815002241497,5.887947850887915,46.13360342978959
VZ,4.942535921276153,4.893850682512207,42349513500598.38,4.902772538174502,4.973286107206406,2.6388679582705565,3.6754658221832734,73.90417005885583
WAT,2063.566829251372,2109.587975392233,31197246256.456284,2122.4052467075167,2089.926747158226,2089.926747158226,75.34530556757385,3.6051649020724996
WBA,8.687786212411979,8.79551698574964,9111137334233.277,8.79709917327563,8.627613229014626,7.081006837508682,4.841010228873011,56.11065424899571
WDC,46.21634384956072,48.906587458360896,5475914634970.238,49.28448764831014,47.36737275554786,47.36737275554786,11.343062237998222,23.946994688806498
WEC,15.765424002483448,15.418953982083782,236042363996.59866,14.935770895864898,15.641734857846465,16.50651224497385,6.51828171500134,41.67237057935125
WHR,264.0744921143798,260.31329059876555,97030332487.24489,249.40776309650542,254.20289781725555,244.86521150898875,26.27731062867109,10.337140470979854
WM,276.8193482794731,280.41767949925327,399098724518.1406,282.118188609885,279.2317676311519,286.84501343220194,27.54057981221713,9.862982298130401
WMB,4.3979553712886235,4.386289901570353,6637104079589.79,4.298134162019072,4.306155177856646,5.024379280318586,3.420074012123956,79.42291605539098
WRB,10.269918933937053,10.515476443674551,180329527851.4739,10.320245920523233,10.456054326139173,10.973290339928864,5.329354158756579,50.969074877831154
WRK,21.115243312201045,21.4040410835731,631811472552.7524,21.1551731432614,21.496376785486333,19.804425357017756,7.641406426961142,35.547415749245594
WSPOF,294.11599815198906,298.97153637057596,11569416.897754472,301.9941761739513,296.50771633033384,303.4863673620449,28.379756601411213,9.571338295221244
WST,4069.72690974682,4192.597124383556,29083231496.59864,4277.284693152259,4195.025506293996,4191.150946460662,106.74756306269596,2.5446225035470587
WU,7.0746194113410255,6.979801698715253,28653954086031.11,6.957824699294785,7.043717457434751,5.289737082442693,4.374129432876174,62.09972872008394
WY,4.355840193408442,4.382121776083465,2624144352322.216,4.396611591623523,4.359592877217396,4.695007321533809,3.4412294713011686,78.93465211590141
WYNN,312.1297295881709,324.17258751901994,7153817420196.996,325.45721646720585,318.85728491094267,318.85728491094267,29.42990351695397,9.229804338694594
XEL,9.87859512545887,9.708516662671279,2097012987113.8826,9.241125122467436,9.691539439403009,9.435385458987296,5.130823204135865,52.941261150683815
XLEFF,0.0010329982481581633,0.0011260971887365981,6866575.039619552,0.001190522286289594,0.001101500849514322,0.001101500849514322,0.0546994657576469,4965.9031839843965
XOM,25.437173715930996,25.664178966103368,67917762913134.3,24.91488886154804,25.071359354045782,28.185823067164858,8.25238740073743,32.915596175704515
XYL,131.12789227835788,129.85568930781076,158099627566.61,129.2865712427898,130.34105985367643,131.2745357230833,18.81617270001954,14.436105338672988
YUM,96.31071704450007,94.7525999827238,353049529580.4989,95.22776714783174,95.72223823457145,99.41395773562662,16.124902188388653,16.845513107282226
ZBH,179.23826984786075,180.13116476242215,434110434571.3481,177.5254066635685,181.1691362885602,172.83717081260073,22.1836381894968,12.24471156840061
ZION,29.831721255012937,30.01809224504843,287943289482.7097,29.620596596133897,29.630611585723557,31.159434130075564,8.97141556752278,30.277524112412628
ZTS,625.404403735271,629.2812285342602,504160931422.9025,633.7342373223272,637.5710907489905,639.1690209660362,41.61548637945711,6.527191552955933
