,2019,2020,2021,2022,2023
A,8.068420474173582,22.540125335130938,27.336543751617537,16.674748705035174,0.0
AAL,4.923387479917369,9.373676643611688,3.8771843236824832,3.437217712761457,0.0
AAP,14.60100480972993,30.54111103647038,38.41629902179524,40.29345126203971,0.0
AAPL,14.20289080964399,35.873951706249265,24.112863113483566,20.34483544234367,0.0
ABBV,11.676428636663932,13.800357252006402,10.942417064222612,14.40430448699724,0.0
ABC,7.484565903895251,11.099835638450294,11.165106625426125,15.776865657287821,0.0
ABMD,98.54365463275501,92.61822811714806,38.41666611804767,67.63911813698216,0.0
ABT,8.33302324668654,17.711167568276274,11.404163487343189,15.660837547482616,0.0
ACN,27.16923558544013,44.91319835414467,69.85810918797222,48.83330046090346,0.0
ADI,12.911694486134962,21.84591126112942,17.073299922412595,16.340363939243314,0.0
ADM,3.3551463487544315,8.902813602075783,7.4090708996749095,12.905851683156529,0.0
ADP,16.566562546960423,27.636368599275485,34.26745717914609,29.499472635082792,0.0
ADSK,21.826258029568542,63.805701041811716,32.480662179946286,36.65457061558131,0.0
AEE,5.5774700077459185,7.787132007419443,8.022509199555806,8.519550101810653,0.0
AEP,9.128879652295518,12.141613404536585,5.556681526537052,9.677556889228018,0.0
AIZ,23.388276526815815,23.083049968516303,19.36911374858259,29.945844232198002,0.0
AJG,10.3244110891956,19.851724556978716,25.94330336800476,21.83115990861289,0.0
AKAM,14.016253160917667,12.778717015905443,10.634103831758905,19.6932103785732,0.0
ALB,12.526831927925874,38.50384641859883,66.95143558848483,56.467021699685965,0.0
ALGN,75.91945366742854,166.0076813342491,95.25075812976131,191.1707978572685,0.0
ALK,6.671524639600404,19.581365408032678,10.942574282614101,9.491112651229493,0.0
ALLE,19.1462693600225,19.722293424595833,16.134120107815146,16.061780632295715,0.0
ALTR,5.724019049096968,13.110538080954395,9.681956095423558,10.818751413199838,0.0
AMAT,12.137295610098283,17.534629268657493,24.856772536439713,32.90723715560803,0.0
AMD,9.813680028017494,28.151205234728224,38.507185157401594,34.479420407734835,0.0
AME,12.58290498020762,22.5285909675853,12.514523140649064,15.837391576456902,0.0
AMGN,31.171788414016593,24.8783826238863,26.2809802071058,28.4356372497613,0.0
AMP,22.960061135380858,43.73792780336363,49.41769651053555,44.75944730554869,0.0
AMT,32.2278161396601,24.918100559958248,41.51833283586111,37.666083659317,0.0
AMZN,8.332305980436015,44.88485131483056,13.162279946056763,37.159408492371746,0.0
ANET,15.408589096396463,11.150802730448234,31.910311616857904,20.92528270676219,0.0
AON,25.33966650280496,26.791558836904056,53.872611199047846,30.431929060063688,0.0
AOS,5.762546226479877,9.575040729559815,12.001008477198384,13.568154032862038,0.0
APA,8.082579214098418,11.650336986387465,6.193889058161034,8.824464589774093,0.0
APD,38.95057321021436,53.63622071618972,24.038789169472953,39.482999392919915,0.0
APH,5.642851211477067,12.97247574923835,11.02561914614907,8.215650067479816,0.0
ARE,17.596297424237854,18.355639138486218,28.256697327591397,38.92814057290177,0.0
ATVI,7.839776059984876,16.26365427405545,19.769905676699754,6.036778365693393,0.0
AVB,16.788103740870643,41.01718129987871,42.210982385206066,47.24107976913609,0.0
AVY,16.884165999203802,26.283179906335494,33.11784546913999,22.498432471513258,0.0
AWK,17.046756181676955,21.658740158234696,21.14011347657331,16.974045722513658,0.0
AXP,12.85201830681267,25.431715957636655,27.82420286390427,27.71175776908531,0.0
AZO,180.0074901598329,162.9736008346292,395.7014469659001,310.6190522698492,0.0
BA,40.14204412188877,105.8265569475711,28.084383471337915,45.61378380659141,0.0
BAC,3.6688982539015123,6.604666146137948,7.1400380157276535,8.623316392239154,0.0
BAX,9.390020395048978,7.9619632362333475,5.40181034378328,19.267199606074712,0.0
BBY,11.964492017435955,29.622460673188513,12.358733947169044,20.953278285905604,0.0
BDX,17.517311984817812,27.14035342104382,10.861123864857795,21.904322387306923,0.0
BEN,5.128238140193937,4.505739581161505,4.598348893008236,5.065275142256446,0.0
BF-A,8.66870180222279,11.712565373650387,4.788797037674804,7.527892545379123,0.0
BHI,0.01080059234084047,0.0,0.0,0.0,0.0
BIIB,67.83786624114317,43.57644783464225,66.92186833579531,52.66593890992497,0.0
BIO,58.83358206755072,129.98086815904185,134.5792565813818,129.10962904758443,0.0
BK,5.7654404630285505,7.477302076681248,8.55461052386282,11.12861662582904,0.0
BLK,47.81271226057707,132.97256181536295,129.3022259836517,132.2669044344601,0.0
BMRA,0.578146962950098,3.5043211321711025,1.8235378108753766,0.8776326568344653,0.0
BMY,8.328476483160237,5.671633636283947,5.903983374060115,7.590185040488615,0.0
BR,18.836854687248014,25.607757253396326,18.793649164799128,18.705346370464365,0.0
BRK-A,18952.410501678874,48176.97805500944,46238.74981898118,57375.68577498258,0.0
BSHI,3.256834422489211,3.6948477827985133,2.456539298001806,2.7941061897672754,0.0
BSX,4.325346383835478,6.078517899911953,4.3836928571842115,4.087029006775774,0.0
BWA,5.648969982132849,9.323465934314548,5.337876310759287,6.204159273813642,0.0
BXP,8.660807934516155,34.49781281468308,14.1821610333524,34.22204118516004,0.0
C,8.531315514882571,19.603530726418587,7.966761885132272,11.322916853796649,0.0
CAG,4.94774792493635,5.081609665090769,3.433655450123921,2.479956951880843,0.0
CAH,5.994104975924601,6.303857164833717,6.86194786158943,14.86766917429138,0.0
CAT,14.009579145302308,36.812319239565724,25.23502171483665,32.27838541098269,0.0
CB,15.302777289702245,29.8892685283597,20.253340905118723,17.124866432299278,0.0
CCI,16.062367048258697,16.00241938541966,24.50278961397333,32.80505891412787,0.0
CDE,1.8617143371751246,3.0794875023718324,2.757647492584833,1.2543817603724603,0.0
CDNS,12.864998540052989,32.724323383110324,31.98552205879911,21.330738102844307,0.0
CF,4.9347315924463215,9.138882427831852,12.316285571250026,20.481426959510937,0.0
CFG,3.4598212225100116,10.494021493688832,5.43423261897589,10.250487674647777,0.0
CHD,7.279087706867667,16.233935327643184,7.397465104694342,17.031658926727804,0.0
CHRW,7.36132418872622,19.95953855636453,7.3170574548914775,11.711040648499955,0.0
CHTR,84.6775229282443,113.26735142452402,92.92602609254448,149.93709785306453,0.0
CINF,19.961628683602502,24.377638454608242,17.96581231306885,21.753211707724724,0.0
CL,5.763922748302183,9.414323660245062,4.727455478904975,5.7363901040946725,0.0
CLX,7.790914597083625,37.44323091789423,20.029753169498722,19.616976991407366,0.0
CME,25.48354480381738,28.643176157878845,19.9627903965547,39.1844476346307,0.0
CMG,163.19045448539114,380.7861872282992,325.5862361111917,205.2608787709465,0.0
CMI,20.15138792661455,51.72890170781856,24.82964797287823,27.26730743662362,0.0
CNC,10.015436074762043,7.076636628689602,10.416305519328674,8.633344677318036,0.0
CNP,2.705214705770733,5.810410909178554,3.5114495808590966,3.1262982936785852,0.0
CNWT,0.007492076753248779,0.006854072096105673,0.011809868770586079,0.001613669787881523,0.0
COO,34.973712066341406,45.39117687639544,36.27681719059103,84.15819338781661,0.0
COP,8.130988945982384,15.993287418106181,15.674342301187808,22.921850037879086,0.0
COST,51.58879894108226,50.013828900571156,110.92172843280862,60.584595840074286,0.0
COTY,2.625631001895986,4.34572212582379,1.6861067622477868,1.5338954619033849,0.0
COWN,1.4157831619156394,7.770010559069669,6.327196134821679,9.965690955877962,0.0
CPB,7.885225072295894,3.2191102312076345,5.162799075990248,4.931793650211887,0.0
CPICQ,0.0,0.0,0.0,0.0,0.0
CPRT,9.961722983235363,13.250053649524368,12.446470010085989,7.350668977302738,0.0
CRM,10.683444947928262,62.056878374281176,43.876031489424996,44.29792741912062,0.0
CSCO,7.255157786333142,6.039981502916255,7.347598115432386,9.529843384003682,0.0
CTAS,48.44518009438783,87.75670862139678,61.63172045419401,43.023471569636214,0.0
CTQ,0.0,0.0,0.0,0.0,0.0
CTSH,7.768737806952965,15.993611133992982,7.431628394952164,19.19832176210451,0.0
CUK,9.052107265850998,18.194329755871816,4.2478407726852465,7.835054444472427,0.0
D,5.9158045002224275,7.273393342692933,3.971049430710665,13.194895934313397,0.0
DAL,6.386040123602958,18.99892084782895,6.053819005069709,7.267735628353798,0.0
DE,15.360370851056086,71.50245681983051,39.88025580665331,60.301361677169204,0.0
DFS,10.770095429576477,26.838557107774793,21.381984511662605,15.138628353534045,0.0
DG,28.812677069647407,37.477700376774,21.07721410120624,29.672532452489524,0.0
DGX,12.300072023727546,19.633690517111095,22.243603166711825,13.042261757044988,0.0
DHI,9.009649551054965,20.87342874579319,15.047622781644867,13.508218976326654,0.0
DIS,20.936655364162853,31.431708195239253,19.34572724035784,32.83090569478469,0.0
DLTR,12.384620140436683,16.12067334188961,22.36319455288344,20.87479637931317,0.0
DOV,14.868974365046414,22.07518980765892,29.390720268542662,28.19325297226571,0.0
DPZ,31.420470217670054,66.14647753561383,103.72931110517257,72.43486790861296,0.0
DRE,3.6177114212737225,4.86390366086428,11.245989342244362,7.914720156212146,0.0
DRI,9.580476041102072,34.20455462079648,14.52225441732204,15.72705026760787,0.0
DTE,7.416698252915686,17.379824272760096,9.634357534115376,14.023403350561168,0.0
DVA,11.501052640672878,19.2949759877716,14.974044013208333,24.743957698244095,0.0
DXCM,12.379629305850617,28.375941216903698,37.4488995741523,27.700229664721178,0.0
EA,8.335785314040635,22.480526354222928,9.761176525414763,9.09220670815217,0.0
EBAY,4.304556650275682,14.323212854888176,11.183950138426324,12.179025498943647,0.0
ECL,24.97313963914366,27.259627592444136,12.336867240944539,31.581344574246547,0.0
ED,7.606145261353743,11.672422972466622,6.428978748441283,9.50294173756103,0.0
EFX,23.372371316425443,29.168501883858333,67.15279422220337,42.42239495193965,0.0
EIX,9.894691880136662,13.535090587997026,5.7089397256056476,7.236593132373627,0.0
EL,34.683511368193734,45.955015154479895,47.37705481520927,56.25092667214005,0.0
EMN,8.673019651843537,24.490029916107847,11.277828786340331,25.407134315471087,0.0
EMR,8.036225864590099,16.02771210272734,9.48324702682789,10.924058908514056,0.0
ENS,11.610843842366576,17.39041011605952,13.094840592606305,10.460604102815685,0.0
EOG,17.05001310073862,22.881830057314545,18.289819159026944,20.672571105829537,0.0
EQIX,105.13239277105232,116.54354021342246,107.890840751658,102.0680340148752,0.0
EQR,9.301737186214154,17.138311658006746,13.488424413233423,16.42914772953642,0.0
ES,9.881150703535846,8.630497246795311,5.500645569477982,9.049872223657886,0.0
ESS,34.87185047179596,58.436535662723486,53.880255850611434,75.27189409936803,0.0
EW,14.678349089741548,11.67471951869797,23.75438373660125,24.149459922842876,0.0
EXR,13.521846555212507,15.95690689944222,50.35472476478655,30.77002715958376,0.0
F,0.9932534990152581,2.363194752500877,4.891374584896466,5.030833953990832,0.0
FANG,15.790861025767853,29.268857775336198,26.414450555349124,20.698901270410904,0.0
FAST,4.440515167934314,9.30222292057896,7.504242122707108,6.496522018372764,0.0
FBHS,10.650189743665294,24.458990569632075,10.801028467604011,21.170146835299022,0.0
FCX,2.192447230513917,8.364734666092485,6.014573158566193,11.847854187769435,0.0
FDX,22.108125061232826,103.95194552852136,41.59986086591998,50.65938394549627,0.0
FE,5.469008443318174,12.987635768316423,4.3894482830708315,4.682380784986299,0.0
FFIV,19.504450583541036,28.562726459204438,25.9487346869487,45.20989245417348,0.0
FIS,19.5370350974221,16.844643799741625,23.91519335227137,23.34691179538069,0.0
FISV,19.81391620165871,15.012255852392165,11.771686489975425,8.385594961757175,0.0
FITB,2.6191964854900727,7.543798672170964,6.747845161205139,8.799934180808723,0.0
FLS,5.495308348201914,12.739288376137354,6.056114425232116,4.75054181696311,0.0
FLT,54.93236080360046,51.107403779647086,32.8894940769144,40.53901267392664,0.0
FMBM,4.218581128826466,6.043080158661973,2.3684563129500336,5.297462543403762,0.0
FMC,14.438320460374701,18.94558575142081,15.002038941798062,16.146223547147095,0.0
FN,7.960986493380383,10.000136355084324,18.413015211976187,22.32166443658832,0.0
FPLPF,1.800458186388249,2.3913976177231007,2.1729350519842106,2.0744757888742504,0.0
FRC,11.774295359019566,22.880107575448523,31.59052738175223,33.67840051664387,0.0
FRMC,0.0023470098027164378,0.24206137300470587,0.010973342120543832,7.148512695601438e-19,0.0
FRT,6.476903717782809,30.84297668761876,20.430534408296325,19.442243928913598,0.0
FTI,2.406669285794405,4.980496862976899,1.7006858231422406,2.818899363286942,0.0
GD,12.964700125432719,27.562710535355993,26.23310527484544,21.39469220465198,0.0
GE,12.22322372196029,29.21510728063293,10.139412085075769,19.29422967906533,0.0
GGG,4.75888463590185,13.540905048945028,5.475531335537307,8.095331063370278,0.0
GILD,2.9973965661428377,11.395824908088235,4.6479308453748995,12.776982545519338,0.0
GIS,6.157949593575028,6.832693002626612,4.572944192252064,9.163418836446473,0.0
GM,2.7773302089784018,11.252945619645647,7.0396016904772925,11.59918880795677,0.0
GOOG,6.7246039457592905,14.472068001639135,30.208058819975843,25.176599765752087,0.0
GPC,9.930367939264478,17.82236073463951,17.80176295370719,30.156860719572418,0.0
GPN,34.06206857300986,29.478260563960642,46.36815943157986,23.632312892281618,0.0
GRMN,14.072411740232031,21.112534538292785,25.369839753403856,23.099936118696483,0.0
GS-PJ,1.0333502605964497,2.31043825324202,0.6613091483457462,1.022730980863425,0.0
GWW,34.80509753007468,80.34590373247227,63.70504244465624,72.30670070362706,0.0
HAL,7.551340677926971,7.8569353156403,3.1689425676193443,7.481959498074319,0.0
HAS,19.247472062131855,20.3428619278928,5.188331517954706,19.075850597290877,0.0
HBAN,1.2432652470551557,3.4477804829052587,1.4135090909317758,2.0384921295355967,0.0
HBI,2.607191379108159,4.361007350557043,2.658931836786233,5.457554251455934,0.0
HCA,13.582302409138213,36.231206554738385,50.16048904440589,44.180332514818666,0.0
HD,30.120101938796907,50.06711260103526,66.7229521952035,48.76416651106735,0.0
HES,8.286299442949439,15.315145559310285,15.266908082382379,27.436488611274147,0.0
HII,27.899710826745334,61.15807791644125,25.50781499140482,29.26748094607009,0.0
HLT,15.546186098850441,24.388581640313056,19.11486340320998,20.468208555921432,0.0
HOLX,4.475498294097988,18.46651795710147,8.790397580520992,6.552501551389578,0.0
HON,18.873586431236287,39.956569183049254,16.161700863367923,21.51529849532437,0.0
HPE,1.786779953860886,3.245813848084279,1.801134416425129,2.5009705348896762,0.0
HPQ,2.527732678592319,4.464817232505102,5.298447017786985,7.259705510798242,0.0
HRB,2.813803092173517,5.15896286660813,4.333980275969842,13.29317550742239,0.0
HRL,2.5783701532587804,3.7905422179953567,4.112596034893164,3.8964927099239177,0.0
HSIC,6.225382682019131,10.460680725571791,7.639287607563923,10.545724491313885,0.0
HST,1.7753644179907093,3.8250561102858196,1.7685041944198117,2.1802943284710823,0.0
HSY,29.761094351803095,15.528438799597664,20.555522932641985,19.003936732388176,0.0
HTLF,3.3078395287360247,11.33463146811448,4.14967290793746,5.550363375373364,0.0
HUM,51.66983730938304,64.82864206279383,42.90226226246503,73.22123008516475,0.0
IBM,9.701204732800049,16.568397863350956,13.863591923868364,11.701231750058263,0.0
ICE,12.400666220043465,13.235435927503495,13.44078735051653,24.04443361960246,0.0
IDXX,48.09165935215626,127.26417726355132,115.9544405809766,127.65382244307571,0.0
IEX,17.35599379945369,31.3575472544816,20.982180904298314,26.51240093938157,0.0
IFF,17.294725407531313,15.94868327754123,15.619812732334525,24.718626591219653,0.0
ILMN,34.58740211254955,63.4545098003304,68.82300004804847,109.70580861010882,0.0
INTH,0.0,0.0,0.00154491257718094,0.0,0.0
INTU,32.706258942705446,63.285940651664326,157.61876547460676,95.193582360553,0.0
IP,4.094665762723831,9.596073336848308,7.452522526287391,8.818210598307594,0.0
IPGP,23.369645313907636,49.74485710352102,45.92370302200734,36.62456710877244,0.0
IR,6.506510273116268,10.410229632204517,7.679441648260287,7.790768426914329,0.0
IRM,3.1675456397017308,4.554472652581744,9.540763518527086,6.3935946073417025,0.0
ISRG,17.944775817481034,54.1164653967855,66.81229634543024,64.36977664003014,0.0
IT,19.47079969087021,31.690790113771516,99.67718436344393,47.062640722899,0.0
ITW,21.27161623741281,32.40880261395554,20.447859131877024,27.286875359039623,0.0
IVZ,2.9789752488713366,5.845676614567239,3.6570709152611016,4.553948366246608,0.0
JBHT,15.649773041601298,26.645384674925783,27.34795881875343,24.05142937455539,0.0
JCI,5.822226169106246,9.963146781394931,14.080055330248054,13.647620108005507,0.0
JKHY,10.6165545884111,20.785269521266688,13.958434950089286,19.374723919691693,0.0
JNJ,8.02851560545341,11.020433932935232,8.224350926878307,9.722794056880163,0.0
JNPR,2.383872736386489,2.6280531360264727,4.598873588587277,4.954902391084771,0.0
JPM,17.1170337558187,26.08584424891004,15.749606069856126,24.54010495580666,0.0
K,6.702960681386763,5.062976468216786,3.923108464484573,6.747275084426122,0.0
KACPF,0.0,1.203927011146116,0.0,0.0,0.0
KEY,1.9225372584854539,4.910035121472858,2.9159328389358428,5.183459722766513,0.0
KEYS,17.88820331166368,17.23815739394691,33.79841106302046,24.25382048687217,0.0
KGNR,0.0,0.15057603225812916,0.6617389605766263,0.7201405214146354,0.0
KHC,9.998221534384763,5.345071267334233,5.054272764369788,3.916570795610274,0.0
KIM,2.5882889585310633,5.396801788596664,3.5793716003968545,3.265297679801584,0.0
KMB,14.8668536258989,13.17047106794466,5.2427058957489265,12.998640500671591,0.0
KMX,20.33231388919408,22.936336664794343,18.013352481931882,26.208483919310293,0.0
KO,5.37970742360649,7.592420713632117,4.221580450095537,4.176231211300184,0.0
KR,3.806393396998538,3.6257582703064646,6.374346271998768,7.1588729600968035,0.0
KSS,15.615080273608493,16.848322934391522,8.526658633442727,21.827319624818035,0.0
LBTYA,3.047317444813446,3.422448744938847,2.5161070449460654,5.792570029669154,0.0
LDOS,19.11665672040898,13.911646457851209,9.996258853122045,10.90496254446388,0.0
LEG,8.537740084558804,11.35184453821232,6.858259956083947,4.058091003872341,0.0
LH,19.710762415755024,36.4119254323552,42.13349909758101,35.714153215594386,0.0
LKQ,5.753324111664713,8.369103369437179,10.758561021249992,5.906623410461401,0.0
LMT,63.00995581314594,45.440809888402754,32.22503913107183,53.32737126915342,0.0
LNC,6.365379661999665,16.6658350648851,11.133593445377516,18.19964731278304,0.0
LNT,5.794699170621869,6.27667756017495,6.480098722371841,6.27851464663437,0.0
LOW,12.9034286608758,44.74243459774226,42.53373172900468,30.815997417135645,0.0
LRCX,66.13706479446125,115.12995932963632,83.06067978687464,130.4656362938681,0.0
LUV,4.429500238059681,14.063577075395678,10.270812165750343,7.231177706282574,0.0
LVS,7.06564390285128,13.782706608675824,15.928700912390706,6.933954693825609,0.0
LYB,9.549271661695087,21.317147226106663,12.337932365612831,18.041061856549515,0.0
LYV,9.464055619855838,19.58323886929082,20.286938911860535,25.462442642680777,0.0
MAA,20.245170878028325,18.494001478045114,46.106422470683704,36.58260145694312,0.0
MAR,16.633151268082738,37.193294281678845,17.885053951863448,19.566921806519204,0.0
MCD,20.747547697071173,30.63266783023402,24.628876877117353,19.988815206059922,0.0
MCHP,5.963851154334608,15.11886735675684,7.923064406087198,10.847439373147443,0.0
MCK,17.567097186317902,22.83562001404608,26.19232655796156,65.193607543334,0.0
MCO,38.53803701503824,41.701561305724915,70.35415716445665,52.923765458304246,0.0
MDLZ,6.258161684787436,5.550717486344555,4.856808649689004,5.100316238477324,0.0
MDT,15.327244100017584,16.29330773275441,12.201721878654189,17.01090352058343,0.0
MET,3.9100569361190067,10.998342464288246,7.156737169141633,6.889059476622297,0.0
MGM,3.3484347492661706,10.91750625278567,7.358353476764596,8.3481622290849,0.0
MHK,17.798855572828476,35.79424558702463,30.046202151724433,36.5364365467848,0.0
MKTX,99.75269969028196,129.01211919561754,91.38147608390327,79.01588493270717,0.0
MLM,52.61731139310073,57.862478915285344,59.51098369663843,48.98287278886053,0.0
MMC,11.568098616753064,15.04358331964885,32.400964806052116,12.40514030745909,0.0
MMM,30.089480719320708,20.068240832391425,18.306587621878865,28.389171315938505,0.0
MNST,6.1619610116863655,16.105645902824026,6.121655840873334,10.69505824818321,0.0
MO,6.796947321875784,6.0579705625824865,4.640945785915694,7.253790732279265,0.0
MOS,7.278410402831846,6.635263225430578,6.422996493158482,13.900961679424086,0.0
MPC,9.948764667201088,16.668682644742404,9.952700011109872,23.937049183502186,0.0
MRCR,0.2371686674275595,0.17667886736832947,0.12783605441886425,0.1987241266610016,0.0
MRK,6.4399180585659535,6.575539206735764,6.287316603208795,13.638058921492695,0.0
MRO,3.3225097413038354,4.31927264436488,4.256449394701048,6.141115352097387,0.0
MS-PF,0.9689759852727694,2.2279971582455675,0.608256481883734,1.179550186034376,0.0
MSCI,48.235537888438394,77.59050034867562,150.52675816691814,76.89115457221018,0.0
MSFT,24.509149106528,37.82433418311413,60.76129874571254,42.25779855800856,0.0
MSI,29.26156897962661,26.231273474493705,48.81342928632217,29.153633181904457,0.0
MU,8.9430397131731,13.274972234396675,11.795030227092925,21.257845303790607,0.0
NCLH,5.784387794658829,23.26711656999781,5.405228618744098,5.839605452768985,0.0
NCTKF,5.03367725466209,6.617293415992376,9.66739626090108,5.0151987133537705,0.0
NDAQ,3.9829476707211273,6.36548675596887,13.28340976753314,8.278698675904096,0.0
NEE,8.353864097748378,11.193065535973998,9.298319690179431,9.267075579642452,0.0
NEOG,4.207351818253864,5.002292314335965,3.4767735074900155,13.833572663057478,0.0
NFLX,56.7303910525081,107.92317469684679,92.11568831778982,159.59365708386866,0.0
NI,1.9374976923988998,3.9229900502641253,2.2574361829299003,3.3214299021294362,0.0
NLSN,3.843502614718742,4.463196814217841,4.138685028018206,5.839488075873667,0.0
NMHLY,6.242944781716566,9.437747993734703,0.2331362830171835,0.014121510368017445,0.0
NOC,62.162295146484,40.00832401323732,49.53680976546788,68.7838989772563,0.0
NOK,1.4426874729224715,0.8789242561165784,1.289373430227234,0.7520161845402749,0.0
NOV,5.329885774615955,7.215333961515684,2.3358922183043664,3.7867227873350964,0.0
NOW,44.596308950181395,142.9563985277649,114.7842099937808,111.81556104396799,0.0
NOXL,0.011047783808746913,0.2239834679907722,0.09629288555833741,0.015369780861037251,0.0
NRG,4.555350628020701,5.2667109580600995,5.136746722222589,4.894512578040524,0.0
NSC,20.391124553405664,46.936127370155845,24.347323090225462,34.863376172859276,0.0
NTAP,11.92719272209395,12.557966636373832,15.065994867745223,14.596351804505943,0.0
NTRA,13.700569568222598,34.84301495440399,16.749174580657712,19.87374024268432,0.0
NTRR,0.01731499781535771,0.0011951420979348759,0.0032055906841497684,0.00038314062180610755,0.0
NTRS,11.284790205321187,16.392549202304124,14.920880325899068,20.929573620888114,0.0
NVR,700.231283871452,881.2950501015184,631.9533325496916,718.1250564384491,0.0
NVRO,35.096759947492316,35.79103218632457,47.291215108521506,23.390732082487894,0.0
NWL,3.7320219571944775,4.6509819527916285,3.411037269525584,6.067618711071053,0.0
O,6.50554854862787,13.657445348032345,6.71604107331422,6.990888835653808,0.0
ODFL,20.947174805737287,46.946406788952395,77.83765721807252,41.08781274864163,0.0
OKE,6.194584389436265,28.818181135808082,10.539127837499839,8.102697681164754,0.0
OMC,4.546894326330621,15.214341088048043,9.516978622607596,10.743318337776639,0.0
ORLY,47.79590421664664,75.53542402373685,117.91918890451436,110.8916568728433,0.0
OXY,17.089701858435923,17.70424171838563,5.744350481752897,18.44519081379318,0.0
PAYX,8.494538102748155,16.193558304786368,20.52575067080307,12.38801605261247,0.0
PCAR,9.218848730046915,15.656831900338428,8.356550148838647,10.4123900026127,0.0
PEG,4.391328421987384,8.161853452093318,4.268458019683518,7.886287981363384,0.0
PEP,14.861187926304355,11.722358722531412,17.2789717114049,10.841044577928285,0.0
PFE,4.450003993676627,4.159322448111592,10.60265578375303,5.41295493579836,0.0
PG,16.974043199935785,17.682431283515783,13.414096782945323,16.729101449960197,0.0
PH,23.643863232114207,67.96395450448884,25.40562569668598,35.867084231778094,0.0
PHM,7.176095576597203,12.941551214697403,7.06484267666793,7.282162316465316,0.0
PKG,11.4096751139151,24.026787280852034,10.854051360037174,22.766998508247767,0.0
PKI,9.530808242409073,33.16636886064368,36.49163496142628,31.18097933775711,0.0
PLD,13.326470336680016,14.402113915813466,30.687231016920226,33.15202299096771,0.0
PM,8.997404080981443,9.772597424264104,10.497689282189548,9.905237615835448,0.0
PNR,5.3229602870355635,11.87524549753396,12.313727871988043,12.142045212775152,0.0
PNW,6.270051929764979,14.077342781939615,11.461000276624738,6.993437559069577,0.0
PNWRF,1.0128386033348398,0.11800418877945092,0.07729552012314743,0.20277817915648197,0.0
PPG,13.604971305814258,31.146957540264474,20.79749044184118,23.87827968317455,0.0
PRU,10.264672984192668,21.45981769727415,15.503799299594798,14.633441698229419,0.0
PSX,15.571377727056595,25.273547148438407,11.361049533656164,14.993269038125122,0.0
PVH,25.32377113601985,32.25138040100177,12.225789852159958,26.965158381777815,0.0
PWR,4.9243698291002085,21.3950566850308,23.848426091838995,24.067692308242776,0.0
PXD,19.005031586674757,36.15438604011915,30.52382431365973,33.19071968671115,0.0
QRVO,24.553500173364657,38.04634114161331,21.48550485372725,31.77181260650681,0.0
RCL,12.346956893736657,44.53593989646297,12.200953085783286,28.521534530914305,0.0
RE,31.631975320916606,51.5558912954964,24.514823541790193,31.810817338182904,0.0
REG,4.157720754698573,14.449957925646567,13.01961794330552,9.134793235606432,0.0
REGN,80.76433577608373,136.2444546187479,112.75725206718265,95.40000879890327,0.0
RF,1.5648178745614665,4.124798842905345,2.9302407295858455,2.576965256713243,0.0
RHI,7.242197726379084,12.088917668131023,24.89706820698974,28.143810563024154,0.0
RIBT,7.794713467822494,5.13632993051203,4.036735833834034,3.0880699188611294,0.0
RJF,4.899846451325648,12.404557728843237,15.371749447782221,14.731224798220799,0.0
RL,20.884381297044847,29.439501888418132,11.871251909423501,18.85019629794935,0.0
RLI,16.833283496782993,14.698246493886916,7.369529235054754,13.825952716407235,0.0
RMD,29.35370283071306,34.24384786000756,55.687660693740185,25.98361377862139,0.0
ROK,25.398927392488556,48.250151013377945,53.371996282656596,55.61523380102069,0.0
ROL,3.058718938776464,9.894264751112216,3.427094126617811,4.771030244023973,0.0
ROP,43.82457372061303,65.85859655084836,56.21581010204714,50.86220948827596,0.0
ROST,13.669736685046507,22.19800371904459,10.18031211687513,17.56921311859608,0.0
RSG,7.885168983203072,12.588481724293501,24.61228637885987,11.36429574815562,0.0
RSNHF,0.47209793975248965,0.6305653449347123,0.4038782545412941,0.5851399475720536,0.0
RXMD,0.0190070856236645,0.016800957283747364,0.05976252230112035,0.012738297402329473,0.0
SBUX,15.32696690184844,17.215649658693202,8.444612701622374,14.945346931810993,0.0
SCHW,5.771643880209665,10.406705881642972,12.92462861305782,15.587048344597275,0.0
SEE,4.629959559132548,10.300282541184178,11.875334787733008,12.75369621937807,0.0
SEGXF,1.7128359535711954,2.1414514470256787,3.7022292456135255,5.756982059766178,0.0
SHW,34.358770946437666,46.85626785502148,54.69019378230898,45.13849801303076,0.0
SIVB,29.943494324471512,98.65806103729092,138.96225749326513,217.66439828788563,0.0
SLB,6.896405176054307,11.348888537599006,5.002425572308484,9.383106098605232,0.0
SLG,7.871038780593801,29.100595465308658,8.419627903209062,26.75978639253306,0.0
SNPS,26.477474459719758,60.90403600352333,66.57707042421139,42.577780329049375,0.0
SO,8.429523614719294,8.918425696822768,4.004418687563021,7.89878940848829,0.0
SONC,0.0,0.0,0.0,0.0,0.0
SPG,21.07566818979145,48.078856585738954,31.803229041552104,30.27450291396864,0.0
SRE,18.868292363390395,22.610604896330567,9.347991910999882,19.014237042775093,0.0
SRG,4.297546634342075,16.865252607422413,3.6883462077101274,3.424806977543457,0.0
STT,13.427163483187423,13.518795446135613,11.508913575557116,19.049072313754195,0.0
STX,9.540782524951084,9.455812582480496,20.419398848389996,30.34346388598679,0.0
STZ-B,23.27839603997977,32.968469151254716,16.410484351645,51.405012913789264,0.0
SWK,17.859489875172077,44.28922612374482,20.930179459722357,56.897669237110236,0.0
SWKS,19.629404953239895,34.60424913527756,20.325528742648213,33.64809915703751,0.0
SYF,4.492427430081221,9.906532752502285,7.577283237496714,8.120937314828344,0.0
SYK,26.26837406073247,37.542548656279536,20.508656610883946,38.58812695811908,0.0
T,3.970434569642113,4.359303095668101,2.8109619054874746,2.5035739407008584,0.0
TAP,6.655886702816888,11.768527785698753,7.281212487462608,4.879453192870886,0.0
TCYSF,2.219556629891518,10.635624018945707,8.202720192614725,7.3833785468949475,0.0
TEL,9.10324074593616,26.17482906920016,18.531764508182768,19.7813217460889,0.0
TIME,0.0,0.0,0.0,5.405972601472748,0.0
TJX,6.181130636806105,10.661624824432163,4.893861115866863,9.976099959612773,0.0
TMO,38.172872032527366,105.90268307097888,109.97021153351717,51.88783510033569,0.0
TMUS,6.750138158160547,26.882582657971415,17.2467429851716,18.844494668898463,0.0
TRAUF,1.2472795382013186,1.7427020704091989,0.6709100436058024,1.131880625352677,0.0
TROW,14.593564627992857,24.50245296420719,31.954173001702152,32.49827791997513,0.0
TRV,15.017250740742295,23.413616681424546,9.472880247138596,15.530032878518316,0.0
TSCO,11.590065539005712,39.7603192300388,38.59891418274102,24.709977343378323,0.0
TSN,17.044134530220422,15.283535210895394,9.440938949881357,17.3760087215929,0.0
TTWO,21.916377017781496,41.60658310164337,22.851036750556187,33.14244677073793,0.0
TW,4.7410964703884035,11.140411348590531,15.647344060753449,19.276133666187857,0.0
TWTR,7.414162015344896,12.81787381610656,14.336091306902476,8.60960060814546,0.0
TXN,15.645965625030298,29.016261888735585,13.989920746203778,16.13068122313323,0.0
TXT,5.327835232798801,12.347803785452875,15.38756001662993,7.985086183489766,0.0
TYL,53.46330758735849,71.49783720738291,70.25063815310047,87.14656708281193,0.0
UA,3.514864860856867,5.574846352859286,2.547784552945793,6.132110542204235,0.0
UAL,6.605483180334586,29.767390056848537,8.873777867260479,7.6603950479041885,0.0
UDR,3.709100420916321,8.501664835992393,10.030333579488133,11.32907996503692,0.0
UEEC,0.5191551399675434,0.4336382632872366,0.232215573042327,0.19061907973752196,0.0
UHS,15.067553487231685,29.47677068840557,19.42171896769793,29.199447815150766,0.0
ULTA,76.92448788756569,56.82436354778788,55.803969160069705,44.47371619045704,0.0
UNM,5.50457195399711,7.70159608798491,3.5024768925065275,9.062922229516664,0.0
UNP,13.001221448153139,35.17206995604956,21.351580909508037,33.966698381822496,0.0
UPS,13.412450124895964,51.56875686680955,32.5180633144586,28.82848747501614,0.0
URI,24.557210702191334,66.30248038539057,54.50282509110213,51.52615518240185,0.0
USB,5.706835353013323,11.80652886339766,7.286776273169743,9.568183899715905,0.0
V,25.047335398516175,25.466168039160138,21.14045003539789,19.862969734741924,0.0
VFC,9.627306402247564,20.529257278291116,9.106224198662323,19.954231605473623,0.0
VMC,24.289291056173965,26.490831602517996,22.885545731159,23.638519446975888,0.0
VRSK,22.116241511957305,30.484273076298958,29.68193266083106,25.219973384921005,0.0
VRSN,24.534456891419797,18.931063722980795,25.8123110304847,33.49617306320168,0.0
VTR,8.797749163430769,16.464577497076633,5.887947850887915,10.884390061163295,0.0
VZ,3.198556388586337,3.854119902769779,3.6754658221832734,10.213269598649875,0.0
WAT,24.424555054026275,33.40950436006351,75.34530556757385,34.25251629844545,0.0
WBA,11.102348644275942,9.228962061519642,4.841010228873011,9.344507372572838,0.0
WDC,12.006877180980196,16.998401168720402,11.343062237998222,14.786607186783474,0.0
WEC,12.751351300413331,9.223224225920452,6.51828171500134,9.600442264680696,0.0
WHR,17.189195247021253,57.21334864823484,26.277310628671092,40.39470462415621,0.0
WM,12.925223724696709,14.35228643869546,27.54057981221713,13.624511907282963,0.0
WMB,3.6831556822416034,4.01645342269088,3.4200740121239557,3.8864581390839152,0.0
WRB,8.05438674379616,7.948138571126056,5.329354158756579,8.462685097622836,0.0
WRK,3.965204136277202,10.588215072465111,7.641406426961142,9.230211708230925,0.0
WSPOF,8.830849059535254,16.24526761374543,28.379756601411213,15.930758621058832,0.0
WST,28.327078652668845,87.90114439963634,106.74756306269596,98.5179957329676,0.0
WU,5.176379859490079,3.953953533770877,4.374129432876174,3.2366991295432888,0.0
WY,3.173270750253333,7.941508259180575,3.4412294713011686,6.4987596902533715,0.0
WYNN,18.674895333171907,38.452389946734854,29.42990351695397,18.223715506696504,0.0
XEL,7.142220605243476,7.033446889744981,5.130823204135865,6.927276904985244,0.0
XLEFF,0.0562801296203342,0.11650292296204406,0.05469946575764698,0.07261085213678652,0.0
XOM,7.326403553450105,15.787672249117842,8.25238740073743,18.64580377956895,0.0
XYL,6.495029403387534,19.049832445046125,18.81617270001954,18.424145314290527,0.0
YUM,13.214151217509775,17.37909879862112,16.124902188388653,10.266341007463655,0.0
ZBH,19.605910874514006,27.373815833998403,22.183638189496797,11.97589892948894,0.0
ZION,5.279503313146816,11.12068964161384,8.97141556752278,12.043024973708787,0.0
ZTS,23.429767266987835,26.8308810691318,41.61548637945711,32.41546195820543,0.0
